,image_name,angle_rightHip_rightShoulder_rightElbow,angle_leftHip_leftShoulder_leftElbow,angle_rightShoulder_rightElbow_rightWrist,angle_leftShoulder_leftElbow_leftWrist,label
0,img_0.jpg,5.8079808990107935,0.5881937146186829,4.030062262211935,2.4273064136505127,0
1,img_1.jpg,5.8552550117122095,0.6481667757034302,3.7992263476001185,2.3445637226104736,0
2,img_2.jpg,5.888139132653372,0.6356568932533264,3.509585682545797,2.479501962661743,0
3,img_3.jpg,5.867261413727896,0.6747509837150574,3.362210814152853,2.5321195125579834,0
4,img_4.jpg,5.815176580344335,0.6851435303688049,3.4071486631976526,2.620586395263672,0
5,img_5.jpg,5.7828407923327845,0.6976997256278992,3.37913161913027,2.7033071517944336,0
6,img_6.jpg,5.751239065323965,0.6469757556915283,3.3407514731036585,2.831104040145874,0
7,img_7.jpg,5.737691585217611,0.6783761382102966,3.349541727696554,2.815429449081421,0
8,img_8.jpg,5.708504859601156,0.6357949376106262,3.3559559027301233,3.0085837841033936,0
9,img_9.jpg,5.696787361298696,0.5902348756790161,3.3186515013324183,3.101332426071167,0
10,img_10.jpg,5.674410645161764,0.5865536332130432,3.3391688505755823,3.1190993785858154,0
11,img_11.jpg,5.683780614529745,0.6064327955245972,3.3365843931781214,3.077157735824585,0
12,img_12.jpg,5.687625292931692,0.6123157739639282,3.2901840845691126,3.077150344848633,0
13,img_13.jpg,5.710441593323843,0.6056883931159973,3.2200711409198206,3.0601248741149902,0
14,img_14.jpg,5.700252656136648,0.6354570984840393,3.229062620793478,3.013446092605591,0
15,img_15.jpg,5.716030661259786,0.6487793922424316,3.212409798298971,3.036803722381592,0
16,img_16.jpg,5.7319029609309595,0.6666937470436096,3.1267991701709192,2.939455032348633,0
17,img_17.jpg,5.671829466019766,0.6358227133750916,3.1518986860858362,3.008465051651001,0
18,img_18.jpg,5.6353386084186,0.6096004247665405,3.1234903971301478,3.033383369445801,0
19,img_19.jpg,5.651320878659384,0.6526877880096436,3.0021236578570765,3.0255110263824463,0
20,img_20.jpg,5.655100886021749,0.6928082704544067,2.9460118452655237,3.009417772293091,0
21,img_21.jpg,5.6299448052989405,0.6839350461959839,2.9329126516925257,3.0410878658294678,0
22,img_22.jpg,5.59067535797228,0.6819797158241272,2.9230054060565394,3.0659983158111572,0
23,img_23.jpg,5.544883910809652,0.6790446043014526,2.952304188405172,3.1206350326538086,0
24,img_24.jpg,5.531740013753073,0.7078676223754883,2.9153605143176478,3.1195499897003174,0
25,img_25.jpg,5.507861141358511,0.7149468660354614,2.907968823109762,3.1408159732818604,0
26,img_26.jpg,5.488041941319601,0.7383360266685486,2.891768995915548,3.1541519165039062,0
27,img_27.jpg,5.457673017178671,0.8204488754272461,2.9411619345294397,3.055492401123047,0
28,img_28.jpg,5.415683929120199,0.8198339939117432,2.931476418172018,3.07000470161438,0
29,img_29.jpg,5.395271066819326,0.8744735717773438,2.8985310236560267,3.062535047531128,0
30,img_30.jpg,5.342999402676718,0.9196285605430603,2.9095972220050257,3.056851863861084,0
31,img_31.jpg,5.2918167749988,0.9311649799346924,2.912786308919088,3.12213134765625,0
32,img_32.jpg,5.233700338994161,0.9977620840072632,2.9651668707477015,3.1698577404022217,0
33,img_33.jpg,5.164290730153219,1.0536012649536133,2.9449966589557093,3.098634719848633,0
34,img_34.jpg,5.124130431805746,1.1661758422851562,2.915858570729391,3.1852052211761475,0
35,img_35.jpg,5.117308203374044,1.208799958229065,2.85736591020693,3.140676975250244,0
36,img_36.jpg,5.136947576199667,1.2552084922790527,2.807241980229513,3.2326271533966064,0
37,img_37.jpg,5.11324912706484,1.2593250274658203,2.753777567540304,3.405071258544922,0
38,img_38.jpg,4.766528550778524,1.6654748916625977,2.5883923212634485,3.6264195442199707,0
39,img_39.jpg,4.695193831120626,1.6736053228378296,2.6211183706866663,3.8007795810699463,0
40,img_40.jpg,4.647361699734823,1.7370398044586182,2.60992938676943,3.764413833618164,0
41,img_41.jpg,4.587289635335104,1.8246737718582153,2.617621723805563,3.7513222694396973,0
42,img_42.jpg,4.6008328835116785,1.8739796876907349,2.432892147694723,3.6652731895446777,0
43,img_43.jpg,4.576713744794027,1.88150155544281,2.482791010533468,3.7309796810150146,0
44,img_44.jpg,4.496246401463644,1.9654690027236938,2.4227779547320765,3.6889147758483887,0
45,img_45.jpg,4.317252699528829,1.9655780792236328,2.6324074904071253,3.840374708175659,0
46,img_46.jpg,4.263649288808004,2.0012269020080566,2.656367365513937,3.7286934852600098,0
47,img_47.jpg,4.289841834698812,2.0333075523376465,2.556513849888937,3.763265371322632,0
48,img_48.jpg,4.2177069822894495,2.039767026901245,2.617222611104147,3.839229106903076,0
49,img_49.jpg,4.187648836766378,2.1032321453094482,2.571531120930807,3.776839256286621,0
50,img_50.jpg,4.092725102101461,2.1875948905944824,2.629888121281759,3.8096401691436768,1
51,img_51.jpg,4.100576464329855,2.246182680130005,2.508169953023092,3.83536958694458,1
52,img_52.jpg,4.050287787114279,2.3113856315612793,2.488079849873678,3.7385363578796387,1
53,img_53.jpg,3.9752445856677454,2.3264946937561035,2.5039475599872034,3.743723154067993,1
54,img_54.jpg,3.980410401021139,2.3398427963256836,2.461902443562643,3.73813533782959,1
55,img_55.jpg,3.9438968340503138,2.391019821166992,2.490216080342428,3.617394208908081,1
56,img_56.jpg,3.8448448816882532,2.411081075668335,2.6121977011310022,3.664855718612671,1
57,img_57.jpg,3.8415632883654993,2.4276747703552246,2.57450515428652,3.6831579208374023,1
58,img_58.jpg,3.8085246721850794,2.4215269088745117,2.545011107121603,3.7422380447387695,1
59,img_59.jpg,3.8212931791888636,2.473659038543701,2.504897181187765,3.750056266784668,1
60,img_60.jpg,3.8178933302508753,2.4775943756103516,2.4789488951312464,3.7479915618896484,1
61,img_61.jpg,3.8207812944995325,2.580122232437134,2.4493394533740442,3.698413372039795,1
62,img_62.jpg,3.797671143208639,2.5721189975738525,2.4546237627612513,3.68080997467041,1
63,img_63.jpg,3.769747797642843,2.606163740158081,2.514674488698141,3.6903605461120605,1
64,img_64.jpg,3.762336556111471,2.629148244857788,2.492793385182516,3.6883962154388428,1
65,img_65.jpg,3.766609493886129,2.622972011566162,2.48523456255068,3.714710235595703,1
66,img_66.jpg,3.7405875364886683,2.6466329097747803,2.490187946950094,3.6746485233306885,1
67,img_67.jpg,3.7276249567614954,2.6644434928894043,2.485215727482931,3.6722474098205566,1
68,img_68.jpg,3.7356138865100306,2.631446123123169,2.405722141265869,3.714808225631714,1
69,img_69.jpg,3.6958606878863733,2.6014020442962646,2.4531960487365723,3.7392075061798096,1
70,img_70.jpg,3.6837497393237513,2.6481897830963135,2.4450695514678955,3.7413840293884277,1
71,img_71.jpg,3.6980727354632776,2.6471850872039795,2.388796091079712,3.741007089614868,1
72,img_72.jpg,3.7218075434314173,2.626601219177246,2.3701424598693848,3.7841785589801233,1
73,img_73.jpg,3.697711769734518,2.589977502822876,2.379690170288086,3.78690505027771,1
74,img_74.jpg,3.7143073717700403,2.601325750350952,2.363947629928589,3.7640531063079834,1
75,img_75.jpg,3.7510250250445765,2.5679047107696533,2.3065733909606934,3.745298385620117,1
76,img_76.jpg,3.755681816731588,2.595735788345337,2.2917776107788086,3.7227330207824707,1
77,img_77.jpg,3.7723706404315394,2.5001800060272217,2.290560483932495,3.756267547607422,1
78,img_78.jpg,3.768855158482687,2.552638292312622,2.2748024463653564,3.725163698196411,1
79,img_79.jpg,3.8079708258258265,2.535133123397827,2.305400848388672,3.7137792110443115,1
80,img_80.jpg,3.825581137334005,2.5589709281921387,2.3194597403155726,3.728097915649414,1
81,img_81.jpg,3.7460032145129603,2.497520923614502,2.3895066420184534,3.7371790409088135,1
82,img_82.jpg,3.803613011037008,2.5267863273620605,2.3903430143939417,3.7000765800476074,1
83,img_83.jpg,3.7777610460864466,2.5453085899353027,2.483842198048727,3.6563522815704346,1
84,img_84.jpg,3.768855396901266,2.5734057426452637,2.492667023335592,3.5904016494750977,1
85,img_85.jpg,3.8052037397967737,2.5780980587005615,2.5038841406451624,3.531038761138916,1
86,img_86.jpg,3.8128815332995813,2.5731818675994873,2.519871536885397,3.5104212760925293,1
87,img_87.jpg,3.8387096563922327,2.541910171508789,2.567606751118795,3.5508456230163574,1
88,img_88.jpg,3.8303921858416956,2.498302698135376,2.6453495661364954,3.4805588722229004,1
89,img_89.jpg,3.8583486715899866,2.418490171432495,2.6263516584979456,3.475564479827881,1
90,img_90.jpg,3.8778110186206263,2.4307596683502197,2.7105279604541224,3.543426990509033,1
91,img_91.jpg,3.9007490316974085,2.368525505065918,2.7270470301257532,3.536656141281128,1
92,img_92.jpg,3.921100918446676,2.3912839889526367,2.7677486578570765,3.499601125717163,1
93,img_93.jpg,3.914880100880758,2.300544261932373,2.8539279142962855,3.610989570617676,1
94,img_94.jpg,3.9289611021624964,2.3241231441497803,2.842167679463522,3.6302287578582764,1
95,img_95.jpg,3.9573054949389856,2.3402013778686523,2.861816469823019,3.4876034259796143,1
96,img_96.jpg,4.0624805132495325,2.2667534351348877,2.822751585637228,3.5146942138671875,0
97,img_97.jpg,3.9053004423724573,2.240039825439453,2.939791266118185,3.572481155395508,1
98,img_98.jpg,3.966210428868429,2.254556655883789,2.9964807669269007,3.485612154006958,1
99,img_99.jpg,3.961630169545309,2.122622489929199,3.041239563618795,3.806520462036133,1
100,img_100.jpg,3.903844181691305,2.145880937576294,3.0440965334521692,3.774183750152588,1
101,img_101.jpg,3.87537390390505,2.207864761352539,3.0218101183520716,3.762589931488037,1
102,img_102.jpg,3.7869625727282923,2.254687786102295,3.074500624333517,3.6379542350769043,1
103,img_103.jpg,3.6870699564563196,2.1336700916290283,3.2296350638019007,3.8077492713928223,1
104,img_104.jpg,3.741641346608297,2.158360242843628,3.109391752873556,3.7852025032043457,1
105,img_105.jpg,3.752131525670187,2.2394371032714844,2.927066151295797,3.7646188735961914,1
106,img_106.jpg,3.7330320517169397,2.298480272293091,2.81358510652651,3.819138288497925,1
107,img_107.jpg,3.728232447301046,2.398655414581299,2.78544789949526,3.740691900253296,1
108,img_108.jpg,2.3863277435302734,3.8819971720324915,3.7658069133758545,2.58533221880068,1
109,img_109.jpg,2.40759539604187,3.8825412432300013,3.7458724975585938,2.5546250979052942,1
110,img_110.jpg,3.671027723942892,2.5229806900024414,2.7503226439105433,3.607861280441284,1
111,img_111.jpg,3.6573506037341517,2.598388433456421,2.6559694449054163,3.58248233795166,1
112,img_112.jpg,3.682304922734396,2.557624340057373,2.5973086992846888,3.6912126541137695,1
113,img_113.jpg,3.9958048502551478,2.3161203861236572,2.197204113006592,3.931321144104004,1
114,img_114.jpg,3.8044138590442103,2.538607597351074,2.3829925696002405,3.796888828277588,1
115,img_115.jpg,3.7469828764544886,2.5804989337921143,2.4360666910754603,3.794062614440918,1
116,img_116.jpg,3.7056942621814173,2.6461081504821777,2.4034929275512695,3.7162046432495117,1
117,img_117.jpg,3.677793327962057,2.604884147644043,2.4128353595733643,3.767597500477926,1
118,img_118.jpg,3.606335226689474,2.6087985038757324,2.3949480056762695,3.7431486288653772,1
119,img_119.jpg,3.705874268208639,2.489166259765625,2.3231797218322754,3.8752575556384485,1
120,img_120.jpg,3.653968159352438,2.365907669067383,2.425992250442505,3.9172661304473877,1
121,img_121.jpg,3.6834574381457728,2.4678781032562256,2.375182867050171,3.8341712951660156,1
122,img_122.jpg,3.6751745382892054,2.4442138671875,2.3942339420318604,3.908414665852682,1
123,img_123.jpg,3.7461729685412806,2.4229397773742676,2.3954814116107386,3.886296097432272,1
124,img_124.jpg,3.6473143736468714,2.4778878688812256,2.49416429201235,3.8251771926879883,1
125,img_125.jpg,3.751582209263937,2.418553590774536,2.45725661913027,3.853731393814087,1
126,img_126.jpg,3.7104912439929407,2.4300038814544678,2.463888947163717,3.741825580596924,1
127,img_127.jpg,3.7935364882098597,2.3861544132232666,2.4592211882220667,3.6688880920410156,1
128,img_128.jpg,3.8422561327563685,2.302746057510376,2.4472416082965296,3.675342082977295,1
129,img_129.jpg,3.835712734852926,2.2934298515319824,2.5182953516589563,3.6181089878082275,1
130,img_130.jpg,3.876383368168966,2.0117545127868652,2.6335671583758753,3.6657423973083496,1
131,img_131.jpg,3.905391279851095,2.007582664489746,2.6555288473712366,3.651585102081299,1
132,img_132.jpg,4.055847708378927,1.8904732465744019,2.61467415491213,3.616659641265869,0
133,img_133.jpg,4.115114037190573,1.7281819581985474,2.645987097417013,3.671705722808838,0
134,img_134.jpg,4.235409084950582,1.5619580745697021,2.570670191441671,3.4614055156707764,0
135,img_135.jpg,4.352000300084249,1.4439955949783325,2.5254741350757044,3.5031535625457764,0
136,img_136.jpg,4.429002348576681,1.4019197225570679,2.5012012163745325,3.5857038497924805,0
137,img_137.jpg,4.594672266636984,1.2752182483673096,2.49137527147402,3.7436420917510986,0
138,img_138.jpg,4.628409449254171,1.2601650953292847,2.485539261494772,3.7946202754974365,0
139,img_139.jpg,4.699178282414572,1.2001571655273438,2.5610697905169886,4.002303123474121,0
140,img_140.jpg,4.788567368184225,1.116668701171875,2.5114148298846644,4.1289143562316895,0
141,img_141.jpg,5.053271834050314,1.0250859260559082,2.9742587248431605,4.817499160766602,0
142,img_142.jpg,5.478257481251852,0.8325324058532715,2.8095157782184046,3.0696139335632324,0
143,img_143.jpg,5.593202296887533,0.8176745772361755,2.758357350026266,3.094996690750122,0
144,img_144.jpg,5.603312615548269,0.8158139586448669,2.768280092869894,3.0161209106445312,0
145,img_145.jpg,5.633964780961172,0.7837353348731995,2.7890804449664515,3.0337090492248535,0
146,img_146.jpg,5.731333438550131,0.7124693393707275,2.7758572737323206,3.142441987991333,0
147,img_147.jpg,5.802560035382406,0.7200074791908264,2.7450881640063685,3.093416213989258,0
148,img_148.jpg,5.704050664101736,0.7301753759384155,2.8914549986468714,3.1411032676696777,0
149,img_149.jpg,5.765140835438864,0.6898114681243896,2.943860117589132,3.236333131790161,0
150,img_150.jpg,5.788172845040457,0.7008578777313232,2.9473114649402063,3.1937758922576904,0
151,img_151.jpg,5.757416907941,0.7273354530334473,2.9734748045550745,3.0837721824645996,0
152,img_152.jpg,5.731411401425497,0.7083060145378113,3.0355308691607874,3.0627143383026123,0
153,img_153.jpg,5.77881241241564,0.6735987663269043,3.001331154500143,3.1781177520751953,0
154,img_154.jpg,5.794248108063833,0.6745818853378296,3.0324223677264612,3.1859827041625977,0
155,img_155.jpg,5.744760636483328,0.7059357166290283,3.248374048863546,3.1403374671936035,0
156,img_156.jpg,5.884714845811025,0.6633650660514832,3.0887585322009485,3.09659481048584,0
157,img_157.jpg,5.911272887383596,0.6646742224693298,3.0991936365710657,3.061758518218994,0
158,img_158.jpg,5.940148983393804,0.5903118252754211,3.0215030352221888,3.139263868331909,0
159,img_159.jpg,5.9828926662551325,0.6227389574050903,3.056652371083395,3.093583345413208,0
160,img_160.jpg,5.941859755908148,0.6326051950454712,3.159900490437643,3.00231671333313,0
161,img_161.jpg,5.955078665410177,0.5605265498161316,3.1326821486102503,3.0607171058654785,0
162,img_162.jpg,5.969705734645025,0.5322093367576599,3.150029007588522,2.968496322631836,0
163,img_163.jpg,6.0292099753962916,0.5174170136451721,3.106873099003927,3.037839651107788,0
164,img_164.jpg,6.040005389844076,0.5046932697296143,3.1100755373584192,3.032909631729126,0
165,img_165.jpg,6.020907584820883,0.5691540837287903,3.170016590748922,2.932640314102173,0
166,img_166.jpg,5.989254508410589,0.4788193106651306,3.230154101048605,3.0084826946258545,0
167,img_167.jpg,6.007627669964926,0.4535931348800659,3.175082031880514,3.0079360008239746,0
168,img_168.jpg,6.015366409217016,0.4205145537853241,3.15576941171755,3.06453275680542,0
169,img_169.jpg,6.0435451606856745,0.45532646775245667,3.081005398427145,3.0437328815460205,0
170,img_170.jpg,6.06149068871607,0.47136780619621277,3.0112932364093226,3.1109962463378906,0
171,img_171.jpg,6.030104194079534,0.465348482131958,3.0127995649920862,3.130748987197876,0
172,img_172.jpg,5.96199202934374,0.43283307552337646,3.0880702177630823,3.1489219665527344,0
173,img_173.jpg,5.962463502083914,0.4444819390773773,3.0486517588244837,3.1505537033081055,0
174,img_174.jpg,5.959279034529821,0.46777504682540894,2.9894607702838343,3.1811397075653076,0
175,img_175.jpg,5.930320386086599,0.5011141300201416,3.0304752031909388,3.1719202995300293,0
176,img_176.jpg,5.88381210366358,0.5049640536308289,3.0937870184527796,3.2279200553894043,0
177,img_177.jpg,5.927960429583685,0.5223411321640015,2.9688542524920862,3.2642147541046143,0
178,img_178.jpg,5.892245862876074,0.5234120488166809,2.998371187840597,3.283388614654541,0
179,img_179.jpg,5.888977531586782,0.5414576530456543,2.9744680563556116,3.335024118423462,0
180,img_180.jpg,5.748486403618948,0.6781676411628723,2.921763006840841,3.370659351348877,0
181,img_181.jpg,5.6209532658206385,0.7179272174835205,2.8288078943835657,3.338435649871826,0
182,img_182.jpg,5.574108187352316,0.7466207146644592,2.8220093886004847,3.3616442680358887,0
183,img_183.jpg,5.58696943918337,0.7711063027381897,2.7524784247027796,3.4615530967712402,0
184,img_184.jpg,5.530242983494894,0.7738493084907532,2.8857625166522425,3.3971309661865234,0
185,img_185.jpg,5.539680484925405,0.8174796104431152,2.849182907735006,3.3813114166259766,0
186,img_186.jpg,5.565782014523641,0.846839427947998,2.675779406224386,3.3833208084106445,0
187,img_187.jpg,5.507433001195089,0.8741270899772644,2.753047768269674,3.3829774856567383,0
188,img_188.jpg,5.46236759821047,0.9171664714813232,2.7761500517474573,3.389329433441162,0
189,img_189.jpg,5.444002870713369,0.932494044303894,2.783603016530172,3.3767173290252686,0
190,img_190.jpg,5.460634891186849,0.937418520450592,2.678582016621725,3.4108614921569824,0
191,img_191.jpg,5.441010300313131,0.9231399893760681,2.627265516911642,3.486299991607666,0
192,img_192.jpg,5.488030258809225,0.9261441230773926,2.540037457142965,3.4874062538146973,0
193,img_193.jpg,5.519219998513357,0.9584931135177612,2.5059455076800745,3.4979629516601562,0
194,img_194.jpg,5.520357016717092,0.9743070602416992,2.531332317982809,3.523914337158203,0
195,img_195.jpg,5.635779563580648,0.969936728477478,2.3555858770953577,3.5499391555786133,0
196,img_196.jpg,5.653622631226675,0.9839317798614502,2.309828583394186,3.5740203857421875,0
197,img_197.jpg,5.403382007275717,1.0428351163864136,2.6040800253497522,3.5640313625335693,0
198,img_198.jpg,5.372659687195913,1.0989354848861694,2.6573224703418177,3.5347137451171875,0
199,img_199.jpg,5.43876433769335,1.1131064891815186,2.5223456064807337,3.5945916175842285,0
200,img_200.jpg,4.9466005007373255,1.6316783428192139,2.5513346830951136,3.6521482467651367,0
201,img_201.jpg,4.804791990910665,1.6314139366149902,2.556652371083395,3.591365337371826,0
202,img_202.jpg,4.743307296429769,1.6449726819992065,2.5448845068561,3.643779754638672,0
203,img_203.jpg,4.710825030003683,1.7332993745803833,2.5651896635638636,3.527080535888672,0
204,img_204.jpg,4.611605707799093,1.8049863576889038,2.5921226183520716,3.480855941772461,0
205,img_205.jpg,4.50571042696108,1.9175482988357544,2.678624455128805,3.406949520111084,0
206,img_206.jpg,4.4557592312442225,1.9698394536972046,2.7480457464801233,3.4645376205444336,0
207,img_207.jpg,4.4745957295047205,2.011213779449463,2.7271679083453577,3.6272695064544678,0
208,img_208.jpg,4.363252464924948,2.1455390453338623,2.779311720524923,3.3912997245788574,0
209,img_209.jpg,4.295224491749899,2.205998420715332,2.778397862111227,3.483084201812744,0
210,img_210.jpg,4.26716381708254,2.271385669708252,2.7756131331073206,3.417135715484619,0
211,img_211.jpg,4.230594221745626,2.259269952774048,2.7288830916034144,3.5444459915161133,0
212,img_212.jpg,4.115430657063619,2.2064623832702637,2.741419855748312,3.701493263244629,0
213,img_213.jpg,4.011417929326193,2.3074004650115967,2.8632755915271204,3.5595738887786865,1
214,img_214.jpg,3.99402362505068,2.36598801612854,2.8131569067584437,3.6024999618530273,1
215,img_215.jpg,3.9912682215320032,2.3496036529541016,2.731486145650045,3.609470844268799,1
216,img_216.jpg,3.9521480242358606,2.4147603511810303,2.700167719517843,3.5853729248046875,1
217,img_217.jpg,3.915492836629049,2.4093029499053955,2.7368791739093226,3.545793056488037,1
218,img_218.jpg,3.926333491002218,2.407154083251953,2.7008307615863245,3.642833709716797,1
219,img_219.jpg,3.9158573786364954,2.4556949138641357,2.697822395955221,3.6526403427124023,1
220,img_220.jpg,3.8517115751849573,2.5709245204925537,2.747711960469381,3.552431583404541,1
221,img_221.jpg,3.8307202498065394,2.5419700145721436,2.744239870701925,3.663839817047119,1
222,img_222.jpg,3.8713489214526575,2.5246331691741943,2.5758617560016077,3.697904109954834,1
223,img_223.jpg,3.8642974535571497,2.5503814220428467,2.54787522951235,3.685981512069702,1
224,img_224.jpg,3.8202417532550257,2.4881203174591064,2.6103954950915735,3.713700532913208,1
225,img_225.jpg,3.8196688334094446,2.4775004386901855,2.590947930012838,3.714564800262451,1
226,img_226.jpg,3.8040972391711634,2.5035037994384766,2.5884035269366663,3.739574432373047,1
227,img_227.jpg,3.795481030141012,2.5133776664733887,2.544692103062765,3.776430606842041,1
228,img_228.jpg,3.8137806097613733,2.52229642868042,2.5300162474261683,3.769843578338623,1
229,img_229.jpg,3.784156147633688,2.5366322994232178,2.544992987309591,3.770955801010132,1
230,img_230.jpg,3.7774887720691126,2.54799747467041,2.5563812891589563,3.776188850402832,1
231,img_231.jpg,3.7937772909747522,2.5814013481140137,2.504221026097433,3.696777820587158,1
232,img_232.jpg,3.7929096857654017,2.5668394565582275,2.4639857451068323,3.729990005493164,1
233,img_233.jpg,3.7929142157184046,2.587938070297241,2.450444046651022,3.774930477142334,1
234,img_234.jpg,3.7846337000476282,2.6009106636047363,2.513376061116354,3.750702142715454,1
235,img_235.jpg,3.780144516621725,2.5700244903564453,2.483673159276144,3.7874441146850586,1
236,img_236.jpg,3.777255121861593,2.6182162761688232,2.5161269346820276,3.7625627517700195,1
237,img_237.jpg,3.7624335924731653,2.5926952362060547,2.4928835074054163,3.805478572845459,1
238,img_238.jpg,3.76807147661318,2.5747995376586914,2.5142839590655726,3.840917412434713,1
239,img_239.jpg,3.802272144948141,2.6290431022644043,2.5342424551593226,3.735882043838501,1
240,img_240.jpg,3.8139012495623987,2.624008893966675,2.486664120350973,3.6900758743286133,1
241,img_241.jpg,3.7441673914538782,2.6164588928222656,2.5899961630450647,3.6800014972686768,1
242,img_242.jpg,3.7557111422168177,2.6101722717285156,2.5701544920550745,3.682917833328247,1
243,img_243.jpg,3.7644758860217493,2.6028997898101807,2.5529826323138636,3.67323637008667,1
244,img_244.jpg,3.7634595076190394,2.601055145263672,2.609579865132467,3.6830852031707764,1
245,img_245.jpg,3.7962380091296595,2.6106088161468506,2.570716206227438,3.671135902404785,1
246,img_246.jpg,3.759054962788717,2.616785764694214,2.6332231203662317,3.633702039718628,1
247,img_247.jpg,3.754082981740133,2.6504499912261963,2.6317465941058558,3.6510746479034424,1
248,img_248.jpg,3.744614903126852,2.6157021522521973,2.6562626997577112,3.709322452545166,1
249,img_249.jpg,3.7961326281176966,2.5966601371765137,2.575106684361593,3.7566611766815186,1
250,img_250.jpg,3.819538418446676,2.5471911430358887,2.589097325001852,3.8213281631469727,1
251,img_251.jpg,3.821069065724508,2.5742368698120117,2.5860140959369105,3.8105154037475586,1
252,img_252.jpg,3.819639031087057,2.5589938163757324,2.5958526770221155,3.8414633909808558,1
253,img_253.jpg,3.818153206502096,2.5640621185302734,2.538720194493429,3.8567219416247767,1
254,img_254.jpg,3.808629337941305,2.551286458969116,2.604795519505636,3.87602669397463,1
255,img_255.jpg,3.809173885975973,2.5537469387054443,2.6036644617663782,3.8655195871936243,1
256,img_256.jpg,3.8063257376300257,2.549623727798462,2.617239300404684,3.8609593550311487,1
257,img_257.jpg,3.797398392354147,2.5456039905548096,2.6327839533435267,3.862962309514181,1
258,img_258.jpg,3.7968011538134974,2.542619466781616,2.666199032460348,3.8632033506976526,1
259,img_259.jpg,3.8303378264056605,2.5289645195007324,2.651154343281881,3.837862968444824,1
260,img_260.jpg,3.8911832014666956,2.5054771900177,2.5318878332721155,3.8460097312927246,1
261,img_261.jpg,3.9039774576770228,2.5240070819854736,2.5243902842151087,3.708127021789551,1
262,img_262.jpg,3.905309502278463,2.5229053497314453,2.540135208760397,3.709379196166992,1
263,img_263.jpg,3.909876886998312,2.506354331970215,2.5298319498645228,3.7117385864257812,1
264,img_264.jpg,3.869958225880758,2.472679853439331,2.586724583302633,3.756467819213867,1
265,img_265.jpg,3.8780904451953333,2.487384796142578,2.6081932226764124,3.7243971824645996,1
266,img_266.jpg,3.876714293156759,2.4627747535705566,2.6059227625476282,3.6838512420654297,1
267,img_267.jpg,3.893825356160299,2.4035301208496094,2.585776154194967,3.727856397628784,1
268,img_268.jpg,3.886336628590719,2.4338316917419434,2.709987465535299,3.6285886764526367,1
269,img_269.jpg,3.8639147917376917,2.4535183906555176,2.7701879183398646,3.6112473011016846,1
270,img_270.jpg,3.9211278597461146,2.4314117431640625,2.6647096315967005,3.606369972229004,1
271,img_271.jpg,2.4624414443969727,3.964776341115133,3.6973748207092285,2.5258169809924524,1
272,img_272.jpg,2.2547543048858643,4.100999180470602,3.8363661766052246,2.50559908548464,1
273,img_273.jpg,3.9208536783801478,2.3755807876586914,2.6599133650409144,3.6325082778930664,1
274,img_274.jpg,2.3253796100616455,4.021428648625509,3.662583589553833,2.668943707142965,1
275,img_275.jpg,3.9614627997027796,2.3045313358306885,2.6615594069110315,3.576540946960449,1
276,img_276.jpg,3.9690004030810755,2.2469236850738525,2.6758435408221644,3.7236692905426025,1
277,img_277.jpg,3.9641528765307825,2.27817702293396,2.7102487722979944,3.59468412399292,1
278,img_278.jpg,3.9770382086383265,2.2476582527160645,2.7653947512256067,3.7197582721710205,1
279,img_279.jpg,4.024933640156881,2.2858362197875977,2.6995936075793665,3.640599250793457,1
280,img_280.jpg,4.037249151860372,2.2284927368164062,2.7420035044299524,3.6243481636047363,1
281,img_281.jpg,4.042415205632345,2.201493263244629,2.7630487124072474,3.710346221923828,1
282,img_282.jpg,4.069269959126608,2.2098028659820557,2.8400679270373743,3.6402783393859863,0
283,img_283.jpg,4.085287634526388,2.2700703144073486,2.818899456654684,3.434530735015869,0
284,img_284.jpg,3.994162146245138,2.29183030128479,2.849375073109762,3.3138232231140137,0
285,img_285.jpg,4.036987368260519,2.261073350906372,2.9130221048938196,3.3344874382019043,0
286,img_286.jpg,4.04862624803652,2.3085572719573975,2.9606099764453333,3.1627962589263916,0
287,img_287.jpg,4.234837118779318,2.0794105529785156,2.8082714716540735,3.4685583114624023,0
288,img_288.jpg,4.35124391714205,2.0680577754974365,2.6529153029071253,3.3364298343658447,0
289,img_289.jpg,4.470874373112814,1.9036478996276855,2.56073505083193,3.403794050216675,0
290,img_290.jpg,4.574731651936666,1.8564083576202393,2.4006689230548304,3.4086174964904785,0
291,img_291.jpg,4.631273690854208,1.7448385953903198,2.44782525697817,3.548833131790161,0
292,img_292.jpg,4.805394355450765,1.6593867540359497,2.3809059301959437,3.6168575286865234,0
293,img_293.jpg,4.747618738804952,1.5810683965682983,2.467233482991354,3.72055983543396,0
294,img_294.jpg,4.997866694127218,1.3808238506317139,3.269568745289938,3.580044746398926,0
295,img_295.jpg,5.24399978319277,1.1880807876586914,2.7888668219195765,3.415722370147705,0
296,img_296.jpg,5.179996792470114,1.1064226627349854,2.850870434437887,3.495194911956787,0
297,img_297.jpg,5.210802261029379,1.0115679502487183,2.873145643864767,3.5332393646240234,0
298,img_298.jpg,5.31893885532488,1.0006530284881592,2.6845317522632044,3.4550833702087402,0
299,img_299.jpg,5.403415445481436,0.8526045083999634,2.7072671095477503,3.4343295097351074,0
300,img_300.jpg,5.4275670687304896,0.746782124042511,2.768243376408712,3.4223809242248535,0
301,img_301.jpg,5.45611679950823,0.6537688970565796,2.70947772661318,3.470606803894043,0
302,img_302.jpg,5.460687283669607,0.6169875264167786,2.7948806921588343,3.4421045780181885,0
303,img_303.jpg,5.461313609276907,0.576147198677063,2.8940721193896692,3.5050103664398193,0
304,img_304.jpg,5.553921286259786,0.5231904983520508,2.825738493596212,3.475839138031006,0
305,img_305.jpg,5.604321245347158,0.47514811158180237,2.7516234556781214,3.495145082473755,0
306,img_306.jpg,5.593658451233999,0.4606965482234955,2.7762256304370325,3.4483981132507324,0
307,img_307.jpg,5.5820497314082544,0.44764697551727295,2.832604710255758,3.4547762870788574,0
308,img_308.jpg,5.562852982674734,0.4430902302265167,2.9251795450793665,3.4689085483551025,0
309,img_309.jpg,5.638414565716879,0.4487382173538208,2.7697251478778284,3.4369049072265625,0
310,img_310.jpg,5.648876909409658,0.49178826808929443,2.8172815481769007,3.3532497882843018,0
311,img_311.jpg,5.603247586880819,0.500119686126709,2.9963906447040003,3.3104732036590576,0
312,img_312.jpg,5.603299800549642,0.48455435037612915,3.0539141337024134,3.392360210418701,0
313,img_313.jpg,5.696299854909078,0.5000378489494324,2.8832228819476526,3.44456148147583,0
314,img_314.jpg,5.655845109616415,0.5352846384048462,2.9856799284564417,3.3227758407592773,0
315,img_315.jpg,5.652007583771841,0.47262459993362427,3.032992664967672,3.3924953937530518,0
316,img_316.jpg,5.636226419602529,0.4000636339187622,3.0763636271106165,3.42903995513916,0
317,img_317.jpg,5.70162153640856,0.40129777789115906,3.000807587300436,3.380767822265625,0
318,img_318.jpg,5.707897071038381,0.4330231845378876,3.0746453444110315,3.3340437412261963,0
319,img_319.jpg,5.727404181157247,0.4556124210357666,3.0495665709124964,3.3082919120788574,0
320,img_320.jpg,5.750812594090597,0.46622011065483093,3.028132740651266,3.2180254459381104,0
321,img_321.jpg,5.7771645228015345,0.45288968086242676,3.0182388464557093,3.2698540687561035,0
322,img_322.jpg,5.7928147355662745,0.513828456401825,3.029717032109396,3.1617276668548584,0
323,img_323.jpg,5.787936900054113,0.5139144659042358,3.1268778483020228,3.184955596923828,0
324,img_324.jpg,5.73569089571108,0.49834829568862915,3.1688554922686976,3.1550300121307373,0
325,img_325.jpg,5.83998150030245,0.4585747718811035,3.049194399510519,3.1688075065612793,0
326,img_326.jpg,5.847890828047888,0.4724154472351074,3.0889843145953577,3.1938698291778564,0
327,img_327.jpg,5.79964313307871,0.46420323848724365,3.197717014943258,3.2131359577178955,0
328,img_328.jpg,5.843385998402731,0.4908263385295868,3.0970152060138147,3.198770046234131,0
329,img_329.jpg,5.838773731385366,0.49759966135025024,3.121026341115133,3.1799590587615967,0
330,img_330.jpg,5.84418568411936,0.4886239469051361,3.095494095479147,3.179314613342285,0
331,img_331.jpg,5.851583514605657,0.4774891138076782,3.118845287953512,3.1964328289031982,0
332,img_332.jpg,5.850137505923406,0.4874568283557892,3.1089118162738245,3.1692256927490234,0
333,img_333.jpg,5.870561663304464,0.5064284801483154,3.095520798360006,3.1561412811279297,0
334,img_334.jpg,5.85233843723406,0.5149326324462891,3.108744208012716,3.155209541320801,0
335,img_335.jpg,5.852279488240377,0.48910588026046753,3.087510649357931,3.182619094848633,0
336,img_336.jpg,5.858292941247122,0.5047450065612793,3.0680158774005335,3.1775131225585938,0
337,img_337.jpg,5.86086887518038,0.5324029922485352,3.042471472417013,3.159404993057251,0
338,img_338.jpg,5.856641117726461,0.5559859275817871,3.0356269518481653,3.1233348846435547,0
339,img_339.jpg,5.842696104441778,0.5805968642234802,3.0426538626300257,3.084183692932129,0
340,img_340.jpg,5.794253383074896,0.6070489883422852,3.1716044584857386,3.0660855770111084,0
341,img_341.jpg,5.785714064036505,0.6289530992507935,3.0771873633014124,3.059577465057373,0
342,img_342.jpg,5.785687182341711,0.6271395683288574,3.0733020941363733,3.158088207244873,0
343,img_343.jpg,5.768905285988943,0.6447740793228149,3.0554354826556605,3.1575264930725098,0
344,img_344.jpg,5.737686041985647,0.6686104536056519,3.096412960683004,3.1600170135498047,0
345,img_345.jpg,5.677863184605734,0.686246395111084,3.190728727971212,3.1618008613586426,0
346,img_346.jpg,5.6777085105525416,0.7003031373023987,3.1436591784106653,3.1753010749816895,0
347,img_347.jpg,5.704360965882437,0.7082654237747192,3.0463958422290247,3.1629674434661865,0
348,img_348.jpg,5.715962890778677,0.7124319076538086,3.0536964575396937,3.144582748413086,0
349,img_349.jpg,5.714051429425375,0.7305009961128235,2.9884880224811,3.1173136234283447,0
350,img_350.jpg,5.750884119664327,0.7389779686927795,2.8950963656054896,3.11283802986145,0
351,img_351.jpg,5.750975612794058,0.75022292137146,2.8786121050464075,3.060732126235962,0
352,img_352.jpg,5.768370334302084,0.7397519946098328,2.859891716633932,3.1052029132843018,0
353,img_353.jpg,5.785868589078085,0.7579275369644165,2.988471333180563,3.129309892654419,0
354,img_354.jpg,5.700050894414083,0.7706385850906372,3.123457733784811,3.0918965339660645,0
355,img_355.jpg,5.688972834740774,0.7519675493240356,3.044656817113058,3.16104793548584,0
356,img_356.jpg,5.732792977486746,0.7008058428764343,3.059462849293844,3.258194923400879,0
357,img_357.jpg,5.674855116997854,0.7030106782913208,3.0721898714648646,3.1550636291503906,0
358,img_358.jpg,5.6928598324405115,0.6532765626907349,2.930406157170431,3.2915425300598145,0
359,img_359.jpg,5.651171271000997,0.6377813220024109,2.862465206776754,3.232497453689575,0
360,img_360.jpg,5.707514826451437,0.6235301494598389,2.811925236378805,3.329564332962036,0
361,img_361.jpg,5.700034085904257,0.6717513203620911,2.891855303441183,3.2464685440063477,0
362,img_362.jpg,5.721472982560293,0.6291879415512085,2.8823700586902063,3.2771377563476562,0
363,img_363.jpg,5.738987628613607,0.6175261735916138,2.9251673857318323,3.3335800170898438,0
364,img_364.jpg,5.692154411469595,0.6233500242233276,3.002378765736715,3.259343147277832,0
365,img_365.jpg,5.730997625981466,0.6134374141693115,2.9180565516101282,3.225377082824707,0
366,img_366.jpg,5.739041630421774,0.5826559662818909,2.9095094839679163,3.2689507007598877,0
367,img_367.jpg,5.754212025796072,0.6157547831535339,2.929124895726339,3.197768211364746,0
368,img_368.jpg,5.705330137406484,0.635715901851654,2.9710941950427454,3.1790294647216797,0
369,img_369.jpg,5.737847153340475,0.6185905337333679,2.905719582234518,3.214475154876709,0
370,img_370.jpg,5.78566757241358,0.6023968458175659,2.8268325964557093,3.2807772159576416,0
371,img_371.jpg,5.821180228387014,0.6184551119804382,2.73224908510317,3.297969102859497,0
372,img_372.jpg,5.817831758652822,0.6340811848640442,2.74404222169985,3.288114547729492,0
373,img_373.jpg,5.744735304509298,0.662266731262207,2.8730528990374964,3.2589328289031982,0
374,img_374.jpg,5.737271908913748,0.676705539226532,2.947907034550802,3.2528390884399414,0
375,img_375.jpg,5.7430700103389185,0.7010157108306885,2.90188175836672,3.2589900493621826,0
376,img_376.jpg,5.774911646042959,0.687447190284729,2.867408100758688,3.293213367462158,0
377,img_377.jpg,5.783218328152792,0.7205429077148438,2.777670447026388,3.2476532459259033,0
378,img_378.jpg,5.763734702263967,0.6979370713233948,2.8203094641314905,3.259622097015381,0
379,img_379.jpg,5.7269408146487635,0.7274049520492554,2.847938839589254,3.2442004680633545,0
380,img_380.jpg,5.705007795487539,0.7252058982849121,2.7765846888171595,3.2616820335388184,0
381,img_381.jpg,5.6686148087130945,0.7464100122451782,2.8356760183917444,3.217836380004883,0
382,img_382.jpg,5.670441333447592,0.7643091678619385,2.8098393122302454,3.1475515365600586,0
383,img_383.jpg,5.683829371129171,0.7745181918144226,2.8504751364337366,3.150111436843872,0
384,img_384.jpg,5.681585673485891,0.7703284621238708,2.8269994894610804,3.194633960723877,0
385,img_385.jpg,5.707126323376791,0.7868977189064026,2.7972593943225306,3.2061781883239746,0
386,img_386.jpg,5.710820202027456,0.7456889748573303,2.7780192534076136,3.192417621612549,0
387,img_387.jpg,5.705106739197866,0.6817265748977661,2.8308737913714808,3.2628061771392822,0
388,img_388.jpg,5.695608917866842,0.625450849533081,2.8536632696734827,3.3198835849761963,0
389,img_389.jpg,5.7172704378711146,0.6137630343437195,2.8632195631610315,3.327199697494507,0
390,img_390.jpg,5.74858278432955,0.6163241863250732,2.8240185419665735,3.2572503089904785,0
391,img_391.jpg,5.766777519379751,0.6175441145896912,2.8085601965533655,3.2367935180664062,0
392,img_392.jpg,5.752842609082357,0.5699718594551086,2.8645644823657435,3.261361598968506,0
393,img_393.jpg,5.744251851235525,0.5734272599220276,2.8755210081683558,3.2218613624572754,0
394,img_394.jpg,5.741953138505117,0.5639697313308716,2.8778675238238733,3.219435691833496,0
395,img_395.jpg,5.743352297936575,0.5534245371818542,2.8697028795825403,3.194204092025757,0
396,img_396.jpg,5.746545497571127,0.5299244523048401,2.87280780473818,3.201596736907959,0
397,img_397.jpg,5.758267168198721,0.5446376800537109,2.8737168947802942,3.181163787841797,0
398,img_398.jpg,5.710639421139852,0.5396972298622131,2.978945557271139,3.197697401046753,0
399,img_399.jpg,5.738891128693716,0.5313215255737305,2.956992212926046,3.2304933071136475,0
400,img_400.jpg,5.761202637349264,0.5462402105331421,2.9374614397632044,3.228602409362793,0
401,img_401.jpg,5.769314829503195,0.5523970723152161,2.875692669545309,3.2202751636505127,0
402,img_402.jpg,5.781523827706472,0.5516764521598816,2.8730629126178187,3.282674551010132,0
403,img_403.jpg,5.7516536752330225,0.543470561504364,2.917915169392721,3.2389280796051025,0
404,img_404.jpg,5.733789149914877,0.5399474501609802,2.93229324022402,3.2242846488952637,0
405,img_405.jpg,5.736056689416067,0.5787965655326843,2.9243252913104456,3.171949863433838,0
406,img_406.jpg,5.768470827733175,0.56711345911026,2.8838048616992396,3.143341064453125,0
407,img_407.jpg,5.79007807770838,0.517127513885498,2.868624750767843,3.189310073852539,0
408,img_408.jpg,5.745926682149069,0.44094252586364746,2.976581637059347,3.3266570568084717,0
409,img_409.jpg,5.751925710831777,0.4024956226348877,2.9606805483447474,3.351490020751953,0
410,img_410.jpg,5.7677024642573755,0.400841623544693,2.9496446291552942,3.3547494411468506,0
411,img_411.jpg,5.779534999524252,0.4223787188529968,2.953848425542013,3.2348718643188477,0
412,img_412.jpg,5.8015113214599054,0.42177635431289673,2.912191931401388,3.241581916809082,0
413,img_413.jpg,5.815694574509756,0.42861467599868774,2.895789925252096,3.2457852363586426,0
414,img_414.jpg,5.808504257594244,0.42663776874542236,2.933364454899923,3.2493128776550293,0
415,img_415.jpg,5.813567344342367,0.43207406997680664,2.9335036913501185,3.230750560760498,0
416,img_416.jpg,5.8266064564334314,0.41631585359573364,2.9193695227252405,3.247283458709717,0
417,img_417.jpg,5.830122415219442,0.4072360098361969,2.914018217717306,3.339904546737671,0
418,img_418.jpg,5.827492896710531,0.3885248303413391,2.9200034777270716,3.3794028759002686,0
419,img_419.jpg,5.781450573598043,0.39781859517097473,3.0154762903796595,3.3457369804382324,0
420,img_420.jpg,5.763331119214193,0.44140949845314026,3.0341809431659144,3.3211276531219482,0
421,img_421.jpg,5.76409358183016,0.43442440032958984,3.027884546910421,3.309704065322876,0
422,img_422.jpg,5.767016593609945,0.4755326509475708,3.022989336644308,3.3110337257385254,0
423,img_423.jpg,5.7643402258502405,0.47917234897613525,3.026219193135397,3.271853446960449,0
424,img_424.jpg,5.763683203850881,0.4592573046684265,3.0224319140063685,3.303861618041992,0
425,img_425.jpg,5.775074247513906,0.44353756308555603,3.0237389246570032,3.3756611347198486,0
426,img_426.jpg,5.780492011700765,0.4488006830215454,3.0344322363482874,3.3795652389526367,0
427,img_427.jpg,5.79584172764887,0.4810439646244049,3.002624575291769,3.266211986541748,0
428,img_428.jpg,5.786600087081091,0.46015986800193787,3.0589194933520716,3.3348612785339355,0
429,img_429.jpg,5.814640466366903,0.4352942705154419,2.977393929158346,3.3696377277374268,0
430,img_430.jpg,5.813088003789083,0.43295758962631226,3.0075038115130823,3.337106227874756,0
431,img_431.jpg,5.805150751267568,0.41859087347984314,3.036665741597311,3.386030673980713,0
432,img_432.jpg,5.801488463078634,0.3829876482486725,3.0233259836779993,3.4276931285858154,0
433,img_433.jpg,5.785471383725302,0.37756553292274475,3.018254343663351,3.4263195991516113,0
434,img_434.jpg,5.8163107375251215,0.4178287386894226,2.979673687611715,3.3223516941070557,0
435,img_435.jpg,5.812593583260671,0.38350269198417664,2.9591689745532435,3.371426820755005,0
436,img_436.jpg,5.818383101616995,0.36509284377098083,3.00696570078005,3.3903942108154297,0
437,img_437.jpg,5.847932581101553,0.38203468918800354,2.9788878599749964,3.326204538345337,0
438,img_438.jpg,5.823522422705786,0.371005654335022,3.006402079259054,3.3686819076538086,0
439,img_439.jpg,5.821541194115774,0.37947776913642883,3.0224924723254603,3.3566269874572754,0
440,img_440.jpg,5.828629497681753,0.3957616090774536,3.023274008427755,3.3470139503479004,0
441,img_441.jpg,5.812009517346517,0.40687453746795654,3.067939583455221,3.2646732330322266,0
442,img_442.jpg,5.834551397954122,0.3931315541267395,3.0645421187030237,3.3321406841278076,0
443,img_443.jpg,5.843391988669531,0.3896297812461853,3.043746296559469,3.367767333984375,0
444,img_444.jpg,5.82098034421076,0.4002400040626526,3.0798216501819056,3.3290529251098633,0
445,img_445.jpg,5.834917430077688,0.4002327024936676,3.05591851869692,3.3091602325439453,0
446,img_446.jpg,5.841811422501699,0.40251025557518005,3.0437772909747522,3.316324234008789,0
447,img_447.jpg,5.850022260342733,0.41541755199432373,2.9939540068255823,3.324036121368408,0
448,img_448.jpg,5.8322999517070215,0.4162013530731201,3.0708497206317347,3.3161656856536865,0
449,img_449.jpg,5.834083382283346,0.4362372159957886,3.0757949987994593,3.264451265335083,0
450,img_450.jpg,5.86985877553095,0.4265298843383789,2.982842270527975,3.3134095668792725,0
451,img_451.jpg,5.844931725655691,0.41296064853668213,3.0237208048449915,3.3428878784179688,0
452,img_452.jpg,5.825730029736654,0.4127817451953888,3.0416937510119837,3.352452039718628,0
453,img_453.jpg,5.869477454816,0.4137199819087982,2.973106924687521,3.3452515602111816,0
454,img_454.jpg,5.868812535201208,0.42965370416641235,2.943108622227804,3.3071975708007812,0
455,img_455.jpg,5.8434384802924555,0.42729490995407104,3.0216313044177454,3.2936601638793945,0
456,img_456.jpg,5.831179861222402,0.433699369430542,3.024121109639303,3.2606730461120605,0
457,img_457.jpg,5.834100846444265,0.43276447057724,3.020446840916769,3.2452871799468994,0
458,img_458.jpg,5.821851734315054,0.44831183552742004,2.97596246400942,3.2360215187072754,0
459,img_459.jpg,5.809320096169607,0.4713326096534729,2.957564179097311,3.254037857055664,0
460,img_460.jpg,5.798415128384725,0.4982968866825104,2.980284039174215,3.2165064811706543,0
461,img_461.jpg,5.791245226060049,0.5001650452613831,2.9387436548816126,3.2640702724456787,0
462,img_462.jpg,5.7754661480533045,0.5395816564559937,2.885803524647848,3.2470216751098633,0
463,img_463.jpg,5.756886366997854,0.5838201642036438,2.8538084665881556,3.2010269165039062,0
464,img_464.jpg,5.725743416939871,0.6125935912132263,2.853908363972799,3.210984230041504,0
465,img_465.jpg,5.672989610825674,0.634944498538971,2.8565331141101282,3.2137694358825684,0
466,img_466.jpg,5.58939773241152,0.7573277950286865,2.8635948340045374,3.0971646308898926,0
467,img_467.jpg,5.477500383053915,0.8870560526847839,2.844454590474264,4.445505142211914,0
468,img_468.jpg,5.447479728852407,0.9638806581497192,2.78925067583193,4.5357584953308105,0
469,img_469.jpg,5.422757927571432,1.0169413089752197,2.785952870045797,4.535027027130127,0
470,img_470.jpg,5.396458033715383,1.0434656143188477,2.745218578969137,4.005171298980713,0
471,img_471.jpg,5.32582271495928,1.0751508474349976,2.7878225485431116,3.758066177368164,0
472,img_472.jpg,5.292655352746145,1.1274062395095825,2.7858389059649866,3.475966215133667,0
473,img_473.jpg,5.270246330891744,1.120713233947754,2.752697292958395,3.543797492980957,0
474,img_474.jpg,5.243691627179281,1.174260139465332,2.7104647795306605,3.5542540550231934,0
475,img_475.jpg,5.172168437634603,1.2968817949295044,2.6703460852252405,3.3915653228759766,0
476,img_476.jpg,5.101287070904867,1.3407844305038452,2.6634584108935755,3.4212865829467773,0
477,img_477.jpg,5.02963620821108,1.4023782014846802,2.7744181791888636,3.269522190093994,0
478,img_478.jpg,4.998912755643026,1.4395906925201416,2.7120116392718714,3.3267250061035156,0
479,img_479.jpg,4.890526358281271,1.529603123664856,2.776883904133932,3.154527187347412,0
480,img_480.jpg,4.860153142605917,1.5660191774368286,2.689357105885641,3.1350836753845215,0
481,img_481.jpg,4.6189412514316,1.827111005783081,2.6155453364001673,3.80527925491333,0
482,img_482.jpg,4.576321903859274,1.8950244188308716,2.624668900166647,3.713348150253296,0
483,img_483.jpg,4.567042056714193,1.9321538209915161,2.5349181334124964,3.703970432281494,0
484,img_484.jpg,4.5322094599353235,1.954202651977539,2.5163448492633265,3.6869449615478516,0
485,img_485.jpg,4.443857256566183,1.91389000415802,2.5756171385394495,3.7503323554992676,0
486,img_486.jpg,4.379695836697714,1.9599480628967285,2.5658579508410853,3.7053442001342773,0
487,img_487.jpg,4.286842648183004,1.9729292392730713,2.619952980672018,3.7268033027648926,0
488,img_488.jpg,4.2552295366870325,2.0663058757781982,2.572882954274313,3.614206552505493,0
489,img_489.jpg,4.213194672261373,2.1066479682922363,2.575277630482809,3.5900206565856934,0
490,img_490.jpg,4.195772711430685,2.120096206665039,2.5641663710223597,3.672498941421509,0
491,img_491.jpg,4.193208758031027,2.134103775024414,2.4719980398761194,3.77793550491333,0
492,img_492.jpg,4.196432654057638,2.180100917816162,2.4343865553485315,3.737030029296875,0
493,img_493.jpg,4.215077940617697,2.2107532024383545,2.4121714274035853,3.6910972595214844,0
494,img_494.jpg,4.216407839451925,2.2100913524627686,2.2931187788592737,3.738922595977783,0
495,img_495.jpg,4.13095742860903,2.2730181217193604,2.419861141835348,3.714766263961792,1
496,img_496.jpg,4.111844364796774,2.2746896743774414,2.437472407017843,3.7544121742248535,1
497,img_497.jpg,4.067791048680441,2.2941668033599854,2.371023956929342,3.7227048873901367,1
498,img_498.jpg,4.05910307565798,2.3079278469085693,2.375206534062521,3.696381092071533,1
499,img_499.jpg,4.057668749486105,2.2851507663726807,2.4226554075824183,3.696166753768921,1
500,img_500.jpg,4.037023607884542,2.3189892768859863,2.4658499399768274,3.6615536212921143,1
501,img_501.jpg,4.0067825953113,2.343369960784912,2.4714012781726282,3.658766746520996,1
502,img_502.jpg,3.9818487803088587,2.3273887634277344,2.477424208317892,3.735921621322632,1
503,img_503.jpg,3.9645684401141565,2.332732677459717,2.4732566515551966,3.755629062652588,1
504,img_504.jpg,3.9550944010363978,2.371464490890503,2.4314232508288782,3.7759225368499756,1
505,img_505.jpg,3.942871634160177,2.4011478424072266,2.442477051411764,3.754117965698242,1
506,img_506.jpg,3.9371607939349573,2.431945323944092,2.411525074635641,3.6988091468811035,1
507,img_507.jpg,3.9116702715503138,2.4340906143188477,2.4256067911731165,3.70340633392334,1
508,img_508.jpg,3.860941473637716,2.443058729171753,2.475785557423727,3.6925132274627686,1
509,img_509.jpg,3.8497887293445032,2.480790376663208,2.455933396016256,3.6684584617614746,1
510,img_510.jpg,3.8128774801837366,2.507498025894165,2.4753180185901087,3.70379376411438,1
511,img_511.jpg,3.8106799761401575,2.5468029975891113,2.450216595326559,3.589901924133301,1
512,img_512.jpg,3.82292086282839,2.529162645339966,2.3924830595599573,3.626080274581909,1
513,img_513.jpg,3.8362000624286097,2.5090088844299316,2.3306716124164026,3.8033909797668457,1
514,img_514.jpg,3.7990074793445032,2.478102922439575,2.3669427076922815,3.8740385214435022,1
515,img_515.jpg,3.7840729395495813,2.448253870010376,2.4383464495288294,3.898611132298605,1
516,img_516.jpg,3.743150297795431,2.4843523502349854,2.4471378962146204,3.816314697265625,1
517,img_517.jpg,3.6932852903949183,2.446349620819092,2.5401251951800745,3.8924158255206507,1
518,img_518.jpg,3.7616429964648646,2.4081571102142334,2.3983027935028076,3.9069228172302246,1
519,img_519.jpg,3.7561219374286097,2.4789912700653076,2.40218186378479,3.7334587574005127,1
520,img_520.jpg,3.708205048237936,2.4862871170043945,2.4570367336273193,3.8885582129107874,1
521,img_521.jpg,3.6619587580310267,2.4902164936065674,2.538215939198629,3.922565762196676,1
522,img_522.jpg,3.7102749983416956,2.618229627609253,2.4923537413226526,3.748061180114746,1
523,img_523.jpg,3.72691518465151,2.609469175338745,2.4798548857318323,3.7511916160583496,1
524,img_524.jpg,3.728016201649801,2.6306698322296143,2.488542381917135,3.7317709922790527,1
525,img_525.jpg,3.7306416670428675,2.594132661819458,2.6237710157977503,3.8393967787372034,1
526,img_526.jpg,3.8679891268359583,2.5029044151306152,2.4288254419909876,3.9048143068896692,1
527,img_527.jpg,3.799807850514547,2.6737186908721924,2.5257590452777308,3.720900774002075,1
528,img_528.jpg,3.802703920994894,2.741584539413452,2.5271528402911585,3.651048183441162,1
529,img_529.jpg,3.8629301230060022,2.720646858215332,2.4117382208453577,3.6858370304107666,1
530,img_530.jpg,3.8573010603534144,2.609950304031372,2.4962080160724085,3.844050709401266,1
531,img_531.jpg,3.8785582224475306,2.510006904602051,2.469299856816427,3.935554806386129,1
532,img_532.jpg,3.901268545781271,2.521604299545288,2.3145592212677,3.9173505941974085,1
533,img_533.jpg,3.8356791178332728,2.530860662460327,2.4186647574054163,3.880085293446676,1
534,img_534.jpg,4.009479347859518,2.4815008640289307,2.2910857836352747,3.8408145904541016,1
535,img_535.jpg,3.9702070395099085,2.5436043739318848,2.285121266041891,3.8003721237182617,1
536,img_536.jpg,3.9209120909320276,2.5317189693450928,2.356089178715841,3.870866362248556,1
537,img_537.jpg,3.8955183664904993,2.5474812984466553,2.354065004979269,3.821751832962036,1
538,img_538.jpg,3.9064646402942103,2.534827709197998,2.351301972066061,3.8291139602661133,1
539,img_539.jpg,3.9045053164111536,2.553056478500366,2.3895090262042444,3.7919952869415283,1
540,img_540.jpg,3.8824310938464563,2.5758793354034424,2.436884943638937,3.760047435760498,1
541,img_541.jpg,3.855826441441671,2.5650928020477295,2.420499865208761,3.7353508472442627,1
542,img_542.jpg,3.8559122721301478,2.591094970703125,2.498511616383688,3.678438901901245,1
543,img_543.jpg,3.818927590047018,2.63616943359375,2.5345633665667933,3.614889144897461,1
544,img_544.jpg,3.7963815371142786,2.680534601211548,2.525337044392721,3.533261775970459,1
545,img_545.jpg,3.824559513722555,2.6782267093658447,2.4108224550830286,3.56189227104187,1
546,img_546.jpg,3.8462324778186243,2.623974561691284,2.4294002691852015,3.668907403945923,1
547,img_547.jpg,3.8403950373279017,2.5790016651153564,2.4369447867022913,3.7126502990722656,1
548,img_548.jpg,3.8533580938922327,2.512127637863159,2.4235804716693323,3.7759974002838135,1
549,img_549.jpg,3.9315453211413782,2.438660144805908,2.3442495504962366,3.8323757648468018,1
550,img_550.jpg,3.929474655781881,2.4176218509674072,2.406040970479147,3.8491220474243164,1
551,img_551.jpg,3.8863919417010706,2.4598183631896973,2.4228208700763147,3.752824544906616,1
552,img_552.jpg,3.8650177160846155,2.3719749450683594,2.4912622610675257,3.844195604324341,1
553,img_553.jpg,3.8286994139300745,2.3827195167541504,2.4861179033862513,3.824347734451294,1
554,img_554.jpg,3.8723793665515345,2.3629519939422607,2.369021479283468,3.851529121398926,1
555,img_555.jpg,3.8312822023974817,2.4083285331726074,2.4518194834338587,3.7870330810546875,1
556,img_556.jpg,3.823115650807516,2.4331562519073486,2.466297451649801,3.7717325687408447,1
557,img_557.jpg,3.757160250340597,2.455228567123413,2.5467894713031214,3.685281276702881,1
558,img_558.jpg,3.6988545099841517,2.4595108032226562,2.578893009816305,3.6391525268554688,1
559,img_559.jpg,3.6624866167651575,2.425320625305176,2.6508482138263147,3.622480869293213,1
560,img_560.jpg,3.6577912012683313,2.441967487335205,2.6773248354541224,3.542027711868286,1
561,img_561.jpg,3.7014978567706507,2.478574275970459,2.665461603795187,3.5816285610198975,1
562,img_562.jpg,3.6824303309070032,2.503769636154175,2.561289374028341,3.537276268005371,1
563,img_563.jpg,3.6518080870257776,2.4607150554656982,2.6312463919269007,3.619993209838867,1
564,img_564.jpg,3.674364153538839,2.4576475620269775,2.6010597387896937,3.671166181564331,1
565,img_565.jpg,3.706200663243429,2.4824955463409424,2.5597925821887415,3.6692514419555664,1
566,img_566.jpg,3.7292943636523646,2.45719313621521,2.553211514149801,3.670593500137329,1
567,img_567.jpg,3.7092271486865442,2.5001795291900635,2.6257696787463587,3.683303117752075,1
568,img_568.jpg,3.7819843927966517,2.4301669597625732,2.473543707524435,3.7808780670166016,1
569,img_569.jpg,3.774975601826803,2.5028603076934814,2.514050547276632,3.7389745712280273,1
570,img_570.jpg,3.8056848684894007,2.496722936630249,2.51520806947817,3.7425360679626465,1
571,img_571.jpg,3.7618544737445276,2.474708080291748,2.56757098833193,3.7370688915252686,1
572,img_572.jpg,3.758650604878561,2.4818296432495117,2.553736988698141,3.721865177154541,1
573,img_573.jpg,3.766411606465475,2.476853370666504,2.5314658323871058,3.753404140472412,1
574,img_574.jpg,3.8161125818835657,2.4786794185638428,2.483825985585348,3.7424728870391846,1
575,img_575.jpg,3.811199728642599,2.509678840637207,2.483567778264181,3.6791675090789795,1
576,img_576.jpg,3.7632182280169886,2.3771724700927734,2.5255869070636194,3.7136266231536865,1
577,img_577.jpg,3.7110310236560267,2.322305679321289,2.5947325865374964,3.697762966156006,1
578,img_578.jpg,3.8235839048968714,2.4137613773345947,2.4485088030444544,3.723572254180908,1
579,img_579.jpg,3.8920636812793177,2.53310489654541,2.4181674162494105,3.5132038593292236,1
580,img_580.jpg,3.919757668172018,2.443572759628296,2.4125359694110315,3.6810193061828613,1
581,img_581.jpg,3.8368426004992884,2.659738540649414,2.431868378316061,3.565291404724121,1
582,img_582.jpg,3.8881729284869593,2.6016383171081543,2.4272246996508997,3.7831430435180664,1
583,img_583.jpg,3.837686363850729,2.565335273742676,2.5229461828814905,3.891986131668091,1
584,img_584.jpg,3.8811188379870813,2.585888147354126,2.420034948979513,3.8375396728515625,1
585,img_585.jpg,3.893895689641134,2.53366756439209,2.4906039873706263,3.892855946217672,1
586,img_586.jpg,3.9631786982165735,2.601999044418335,2.4179990927325647,3.7373743057250977,1
587,img_587.jpg,4.077886644993917,2.5239784717559814,2.3465665022479456,3.869840145111084,1
588,img_588.jpg,4.034763638173239,2.4622418880462646,2.4650114218341272,3.9133992195129395,1
589,img_589.jpg,4.0967212359057825,2.470799446105957,2.3877015749560755,3.873361110687256,1
590,img_590.jpg,4.165062491093771,2.505991220474243,2.3467801252948206,3.833968162536621,1
591,img_591.jpg,4.2359986940967005,2.4061436653137207,2.2709110418902796,3.8723089694976807,1
592,img_592.jpg,4.264958206807272,2.3969199657440186,2.295095745717184,3.7719836235046387,1
593,img_593.jpg,4.264751259480612,2.3236658573150635,2.3749054113971155,3.7957324981689453,1
594,img_594.jpg,4.278907839451925,2.381176471710205,2.4131372610675257,3.7551608085632324,1
595,img_595.jpg,4.312762920056478,2.254429340362549,2.393733088170187,3.9185891151428223,0
596,img_596.jpg,4.3875115553485315,2.236407518386841,2.4231644312488,3.863429546356201,0
597,img_597.jpg,4.3925339619265955,2.2217507362365723,2.3884876410113733,3.774853467941284,0
598,img_598.jpg,4.437558714543478,2.224498987197876,2.34831673303713,3.663198232650757,0
599,img_599.jpg,4.496036473904745,2.084275484085083,2.319838825856344,3.6778008937835693,0
600,img_600.jpg,4.569628183041708,1.9439576864242554,2.334080998097555,3.5266571044921875,0
601,img_601.jpg,4.6226962248431605,1.924953579902649,2.3449094931231897,3.3986058235168457,0
602,img_602.jpg,4.66951305070986,1.7611738443374634,2.4071174303637903,3.5659408569335938,0
603,img_603.jpg,4.690360252057211,1.7459065914154053,2.5865495840655726,3.61381196975708,0
604,img_604.jpg,4.749592367802755,1.7200745344161987,2.6352227369891565,3.609571933746338,0
605,img_605.jpg,4.754915062581198,1.701145887374878,2.739875380192892,3.5344507694244385,0
606,img_606.jpg,4.836860243474142,1.6894426345825195,2.7657020727740687,3.479351043701172,0
607,img_607.jpg,4.9247652927981775,1.4738860130310059,2.9424675146686,3.4838263988494873,0
608,img_608.jpg,4.992503229771749,1.4231836795806885,3.1716159025775355,3.4743216037750244,0
609,img_609.jpg,5.20806068578829,1.0133922100067139,2.7337282339679163,3.421036958694458,0
610,img_610.jpg,5.252934042607443,0.9243385195732117,2.7223337332354944,3.458486557006836,0
611,img_611.jpg,5.25093645254244,0.9176126718521118,2.738889519368307,3.4293320178985596,0
612,img_612.jpg,5.2026100794421595,0.7678295969963074,2.7367761770831507,3.422706127166748,0
613,img_613.jpg,5.240981403981344,0.7844031453132629,2.8065508047686976,3.414716958999634,0
614,img_614.jpg,5.301214877759115,0.7886689305305481,2.8584404627429407,3.3950612545013428,0
615,img_615.jpg,5.396917168294088,0.7752252221107483,2.8829522768603724,3.3753459453582764,0
616,img_616.jpg,5.4492037932025355,0.7872495055198669,2.8585084120379847,3.3616931438446045,0
617,img_617.jpg,5.49746156135668,0.6893337965011597,2.845727268849508,3.4262704849243164,0
618,img_618.jpg,5.471670214329855,0.7138132452964783,2.949055258427755,3.367379665374756,0
619,img_619.jpg,5.534606579934255,0.6978687644004822,2.864202086125509,3.3102073669433594,0
620,img_620.jpg,5.486644927655355,0.7149071097373962,2.903754536305563,3.280416488647461,0
621,img_621.jpg,5.481369678174154,0.7280358076095581,2.8720882574664515,3.2439377307891846,0
622,img_622.jpg,5.491847101842062,0.7674206495285034,2.7539201418506067,3.2411842346191406,0
623,img_623.jpg,5.381362620984213,0.8329916000366211,2.8217838446246546,3.2603001594543457,0
624,img_624.jpg,5.433381501828329,0.9249409437179565,2.6029275099383753,3.422135353088379,0
625,img_625.jpg,5.278835598622457,1.0245182514190674,2.695468250905172,3.454970121383667,0
626,img_626.jpg,4.735513750706808,1.230658769607544,2.8017645517932337,3.505760908126831,0
627,img_627.jpg,4.697813693677084,1.2318347692489624,2.908168141041891,3.560929775238037,0
628,img_628.jpg,4.488636438046591,1.4719908237457275,2.6765363852130335,3.675971508026123,0
629,img_629.jpg,4.532836977635519,1.5945868492126465,2.5811477343188685,3.50710129737854,0
630,img_630.jpg,4.315340344105856,1.654165267944336,2.7050841490374964,3.5756101608276367,0
631,img_631.jpg,4.290653173123495,1.723345160484314,2.6374505201922815,3.54435396194458,0
632,img_632.jpg,4.327995363865988,1.762738823890686,2.5659812132464808,3.6084060668945312,0
633,img_633.jpg,4.218984429036276,1.7894024848937988,2.5990002791034144,3.607887029647827,0
634,img_634.jpg,4.09315258661379,1.8984134197235107,2.719300095235006,3.6382694244384766,0
635,img_635.jpg,3.9587581793414515,1.993085503578186,2.692596737538473,3.7142443656921387,1
636,img_636.jpg,3.930296007786886,2.05241322517395,2.629603687916891,3.7629594802856445,1
637,img_637.jpg,3.8649004141436976,2.1013247966766357,2.677194420491354,3.6845788955688477,1
638,img_638.jpg,3.827437702809469,2.107246160507202,2.7171505133258265,3.727919578552246,1
639,img_639.jpg,3.801133457814352,2.1285898685455322,2.6908345858203333,3.7781143188476562,1
640,img_640.jpg,3.7594202200519007,2.1670925617218018,2.6876962820636194,3.755143404006958,1
641,img_641.jpg,3.729671065007345,2.0633368492126465,2.67053729692568,3.8467178344726562,1
642,img_642.jpg,3.618988339100973,2.1008870601654053,2.6231232325183313,3.740537643432617,1
643,img_643.jpg,3.650548760090963,2.0761427879333496,2.4628904501544397,3.781404972076416,1
644,img_644.jpg,3.6449182669269007,2.0461792945861816,2.5319507757769983,3.8619508743286133,1
645,img_645.jpg,3.59513765970339,2.1091935634613037,2.4872222582446497,3.8419840335845947,1
646,img_646.jpg,3.6321309248553675,2.1720335483551025,2.5285938421832483,3.8030550479888916,1
647,img_647.jpg,3.7064433733569544,2.1512441635131836,2.6008947531329554,3.955197811126709,1
648,img_648.jpg,3.6836488882647913,2.2214972972869873,2.6089428106891077,3.898113965988159,1
649,img_649.jpg,3.658433262501852,2.2577621936798096,2.6443963686572474,3.902040958404541,1
650,img_650.jpg,3.660351816807882,2.2905659675598145,2.663286272679464,3.8453211784362793,1
651,img_651.jpg,3.7268863360034388,2.314063787460327,2.5468247572528284,3.8266406059265137,1
652,img_652.jpg,3.83418852487673,2.277832269668579,2.5242469946490687,3.8935155868530273,1
653,img_653.jpg,3.808164421712057,2.2329559326171875,2.4826579729663294,3.9120020866394043,1
654,img_654.jpg,3.8574612776385706,2.1585261821746826,2.5496931711779993,4.09264612197876,1
655,img_655.jpg,3.790565554295675,2.3403797149658203,2.6781562010394495,3.968125820159912,1
656,img_656.jpg,3.90578276315798,2.3524246215820312,2.511960808430807,3.927494525909424,1
657,img_657.jpg,3.9757302443133753,2.3441340923309326,2.3982678095446985,3.9997828642474573,1
658,img_658.jpg,3.869462315236227,2.351802349090576,2.4751206080066126,3.9344756603240967,1
659,img_659.jpg,3.82428223291506,2.361887216567993,2.5170186201678675,3.9700523058520716,1
660,img_660.jpg,3.8551223913775843,2.367213726043701,2.469353500996725,3.95678955713381,1
661,img_661.jpg,3.8822408358203333,2.292660713195801,2.534346882496969,4.028868023549215,1
662,img_662.jpg,3.8709777037249964,2.262859344482422,2.5500715414630335,4.003023624420166,1
663,img_663.jpg,3.921485726033346,2.2163305282592773,2.5727346579181116,3.9872469902038574,1
664,img_664.jpg,3.893642250691549,2.157723903656006,2.6344714800464075,3.949917793273926,1
665,img_665.jpg,3.9683402220355433,2.093871831893921,2.6262014547931116,3.944507122039795,1
666,img_666.jpg,4.02578050294985,2.028439521789551,2.555589262639181,3.910759449005127,1
667,img_667.jpg,4.121049229298727,1.8693748712539673,2.445413653050558,3.9421935081481934,0
668,img_668.jpg,4.258269135151998,1.7681705951690674,2.5458830038653772,3.6839141845703125,0
669,img_669.jpg,4.473387304936544,1.4891304969787598,2.902275625859396,3.525637626647949,0
670,img_670.jpg,4.635100309048788,1.3429402112960815,2.807845417653219,3.630028486251831,0
671,img_671.jpg,4.945077363644735,1.1576977968215942,2.542769257222311,3.6847083568573,0
672,img_672.jpg,5.420184675847189,0.695503830909729,2.7008755842791956,3.444549560546875,0
673,img_673.jpg,5.354592148457662,0.6672261953353882,2.758108917866842,3.407688617706299,0
674,img_674.jpg,5.502000455056326,0.5944927334785461,2.983166281376974,3.1964125633239746,0
675,img_675.jpg,5.49982071319689,0.5830997228622437,3.0232306162463587,3.099517345428467,0
676,img_676.jpg,5.565839890633718,0.5648293495178223,2.9726818243609827,3.0285229682922363,0
677,img_677.jpg,5.709803167973654,0.47724449634552,2.7746344248401087,3.1151442527770996,0
678,img_678.jpg,5.800432209168569,0.5153264403343201,2.6880067030536097,2.982675790786743,0
679,img_679.jpg,5.79006272951235,0.45675140619277954,2.729337517415182,3.1072919368743896,0
680,img_680.jpg,5.825379524623052,0.42942509055137634,2.668786112462179,3.0810930728912354,0
681,img_681.jpg,5.909623090420858,0.3723728656768799,2.709259335194723,3.1292662620544434,0
682,img_682.jpg,5.959027055894033,0.33051177859306335,2.6902692953692835,3.21030592918396,0
683,img_683.jpg,5.93569723168482,0.3137834668159485,2.8842745463000696,3.224505662918091,0
684,img_684.jpg,5.88921901980509,0.29100915789604187,2.955918614064352,3.280594825744629,0
685,img_685.jpg,5.905616943036215,0.26900792121887207,3.171811644230978,3.297187566757202,0
686,img_686.jpg,5.87034380832781,0.2882835268974304,3.161372963582174,3.3397741317749023,0
687,img_687.jpg,5.873056624327795,0.32809776067733765,3.1547563711749476,3.184953212738037,0
688,img_688.jpg,5.850678954516546,0.32982197403907776,3.1933866182910364,3.2465202808380127,0
689,img_689.jpg,5.878681216632025,0.308557391166687,3.129557434712545,3.328543186187744,0
690,img_690.jpg,5.89807036915888,0.34482479095458984,3.0717292467700403,3.384298086166382,0
691,img_691.jpg,5.8768325487719935,0.38184115290641785,3.0325329939471644,3.2688956260681152,0
692,img_692.jpg,5.839495513831274,0.4058418869972229,3.123399798070089,3.2861385345458984,0
693,img_693.jpg,5.881725762282507,0.48784875869750977,3.0073240439044397,3.2496325969696045,0
694,img_694.jpg,5.824065421019689,0.46691763401031494,3.010278288518087,3.3725552558898926,0
695,img_695.jpg,5.797010962163107,0.539345383644104,3.0067346731769007,3.3319146633148193,0
696,img_696.jpg,5.7660515944110315,0.5245827436447144,2.991046969090597,3.397184371948242,0
697,img_697.jpg,5.67291504541506,0.5264183282852173,3.034262005482809,3.3953113555908203,0
698,img_698.jpg,5.6300703326808375,0.5209622383117676,3.0219481627093714,3.4284300804138184,0
699,img_699.jpg,5.634962860737936,0.5323244333267212,2.975327793751852,3.4038808345794678,0
700,img_700.jpg,5.613776210938589,0.6006199717521667,2.8900118509875696,3.4061365127563477,0
701,img_701.jpg,5.584390048180715,0.6308581829071045,2.870451037083761,3.450727701187134,0
702,img_702.jpg,5.549940351639883,0.6455206871032715,2.8859623114215296,3.509767770767212,0
703,img_703.jpg,5.539775137101309,0.6944650411605835,2.8314645926104944,3.4873688220977783,0
704,img_704.jpg,5.507863167916433,0.7507522702217102,2.7986281553851526,3.542288303375244,0
705,img_705.jpg,5.465702835713522,0.7272207736968994,2.8128846327411097,3.6188747882843018,0
706,img_706.jpg,5.431003157292501,0.7485247254371643,2.7420437971698206,3.5534021854400635,0
707,img_707.jpg,5.463469390069143,0.7625060081481934,2.65133506456484,3.57452130317688,0
708,img_708.jpg,5.510257009659902,0.7771474719047546,2.6291220823871058,3.586381435394287,0
709,img_709.jpg,5.555821482335226,0.7679007053375244,2.538909975682394,3.6652727127075195,0
710,img_710.jpg,5.525855008755819,0.8586950302124023,2.553384606038229,3.576908826828003,0
711,img_711.jpg,5.448527816926138,0.898357093334198,2.645362202321188,3.595937967300415,0
712,img_712.jpg,5.3569223324405115,0.9144289493560791,2.660828415547506,3.6206345558166504,0
713,img_713.jpg,5.308863763009207,0.9445898532867432,2.718452040349142,3.561760902404785,0
714,img_714.jpg,5.2431750933276575,1.0117335319519043,2.711118523274557,3.566678047180176,0
715,img_715.jpg,5.249562446271078,1.012929081916809,2.704560105000631,3.6297459602355957,0
716,img_716.jpg,5.218303028737203,1.114018440246582,2.726790253316061,3.638490676879883,0
717,img_717.jpg,5.2111350933658045,1.1342899799346924,2.688796345387594,3.618211030960083,0
718,img_718.jpg,4.68937856355776,1.648202896118164,2.5442169348346155,3.9116265773773193,0
719,img_719.jpg,4.641104046498434,1.8004450798034668,2.4883995691882532,3.6086270809173584,0
720,img_720.jpg,4.510971728955404,1.900585412979126,2.5996397177325647,3.5730509757995605,0
721,img_721.jpg,4.398323480282919,1.9401428699493408,2.601291004811422,3.7021379470825195,0
722,img_722.jpg,4.30579907098879,2.002852439880371,2.6042099634753626,3.7392425537109375,0
723,img_723.jpg,4.255057160054342,1.9745925664901733,2.57035476366152,3.7340402603149414,0
724,img_724.jpg,4.17794639268984,2.0270090103149414,2.564155880604879,3.794861316680908,0
725,img_725.jpg,4.12144905725588,2.0924599170684814,2.5632198492633265,3.7289071083068848,0
726,img_726.jpg,4.084011141453878,2.1267786026000977,2.5491202513324183,3.7543771266937256,1
727,img_727.jpg,4.074652496968405,2.1671431064605713,2.4846118132220667,3.7127652168273926,1
728,img_728.jpg,4.003018681203024,2.2080471515655518,2.550567928944723,3.7118165493011475,1
729,img_729.jpg,4.024186436329977,2.271421432495117,2.4533212820636194,3.6339547634124756,1
730,img_730.jpg,3.9619017283069056,2.2563254833221436,2.572059218083517,3.7076807022094727,1
731,img_731.jpg,3.938151184712545,2.329857110977173,2.5381606260882776,3.608656167984009,1
732,img_732.jpg,3.9111645857440394,2.353712558746338,2.550129238759176,3.5551888942718506,1
733,img_733.jpg,3.92616850534548,2.3667047023773193,2.4713872114764612,3.603628158569336,1
734,img_734.jpg,3.8556135336505335,2.3836898803710938,2.6029420534717005,3.609215497970581,1
735,img_735.jpg,3.8022964636432093,2.418034076690674,2.6422818342791956,3.59979248046875,1
736,img_736.jpg,3.8853707949267786,2.423360586166382,2.54830509821047,3.650606155395508,1
737,img_737.jpg,3.834661308919088,2.401644706726074,2.7049267927752894,3.5574448108673096,1
738,img_738.jpg,3.8693059126483362,2.4058761596679688,2.6582236925708216,3.580207347869873,1
739,img_739.jpg,3.8605201880084437,2.365396738052368,2.700153414403097,3.6643741130828857,1
740,img_740.jpg,3.8644545714007776,2.4537551403045654,2.6738644281970423,3.6183266639709473,1
741,img_741.jpg,3.9109373728381556,2.3740928173065186,2.629063431416647,3.648144483566284,1
742,img_742.jpg,3.9311049620257776,2.3370542526245117,2.535820547734396,3.699758529663086,1
743,img_743.jpg,3.916945521031515,2.304441452026367,2.594124142323629,3.783311367034912,1
744,img_744.jpg,3.9621103445636194,2.35471248626709,2.4991982618915003,3.7359044551849365,1
745,img_745.jpg,3.9590726534472864,2.360499858856201,2.4842427412616175,3.6865618228912354,1
746,img_746.jpg,3.940841023121969,2.3832590579986572,2.5458110014544886,3.640819549560547,1
747,img_747.jpg,3.956294123326437,2.3427345752716064,2.4934819380389612,3.637007236480713,1
748,img_748.jpg,3.9219260851489466,2.3416616916656494,2.630155388508932,3.5827670097351074,1
749,img_749.jpg,3.976882521306173,2.287459373474121,2.594700876866476,3.5913164615631104,1
750,img_750.jpg,3.9868410269366663,2.325897216796875,2.606753412877218,3.5744845867156982,1
751,img_751.jpg,4.046171013508932,2.252912998199463,2.566397492085592,3.6558940410614014,1
752,img_752.jpg,4.065658394490377,2.185927629470825,2.5880492369281214,3.8324172496795654,1
753,img_753.jpg,4.107841793690817,2.111093282699585,2.5576158205615442,3.8512611389160156,1
754,img_754.jpg,4.600265089665548,1.5183491706848145,2.589508835469381,3.1169424057006836,0
755,img_755.jpg,4.697316233311788,1.4080361127853394,2.548389498387472,3.416973352432251,0
756,img_756.jpg,4.751228992138998,1.3178781270980835,2.543060604725973,3.7819910049438477,0
757,img_757.jpg,4.839773599301473,1.2173998355865479,2.5747676531421106,3.7554798126220703,0
758,img_758.jpg,4.88246459165682,1.0607329607009888,2.674551550542013,3.8873138427734375,0
759,img_759.jpg,4.920777980481283,0.9662787318229675,2.7121716181384485,3.9027202129364014,0
760,img_760.jpg,5.043426577244894,0.9378048777580261,2.6322177092181605,4.034454822540283,0
761,img_761.jpg,5.27547794977297,0.9071417450904846,2.64181358018984,3.628861665725708,0
762,img_762.jpg,5.350329105054037,0.889790415763855,2.5351954142199915,3.570666551589966,0
763,img_763.jpg,5.35009348789324,0.8263598680496216,2.605622116719381,3.585423469543457,0
764,img_764.jpg,5.306677762662069,0.8071746230125427,2.7037010828601282,3.6355700492858887,0
765,img_765.jpg,5.3753196636783045,0.8381100296974182,2.704040829335348,3.593165397644043,0
766,img_766.jpg,5.348491553460256,0.9152117967605591,2.685305420552389,3.4902873039245605,0
767,img_767.jpg,5.366343204175131,0.8974353671073914,2.677614990864889,3.4481699466705322,0
768,img_768.jpg,5.475485269223348,0.8517088890075684,2.620725456868307,3.347428560256958,0
769,img_769.jpg,5.555736188088552,0.7414373755455017,2.524839703236715,3.518411636352539,0
770,img_770.jpg,5.539195660744802,0.7250726222991943,2.704270664845602,3.465562343597412,0
771,img_771.jpg,5.589096788560049,0.6454308032989502,2.689212147389547,3.4842376708984375,0
772,img_772.jpg,5.655822817479269,0.6717960238456726,2.7206671873675745,3.432105779647827,0
773,img_773.jpg,5.708709124718801,0.661348283290863,2.685592238103048,3.325087547302246,0
774,img_774.jpg,5.729228202496664,0.6188539266586304,2.6108115355121058,3.246990442276001,0
775,img_775.jpg,5.70420885482897,0.5503712296485901,2.7479243914233606,3.2153029441833496,0
776,img_776.jpg,5.718119148408071,0.5119397044181824,2.777097527180807,3.315825939178467,0
777,img_777.jpg,5.764005307351248,0.5274443030357361,2.748971764241354,3.310167074203491,0
778,img_778.jpg,5.802444909011022,0.5183801651000977,2.8048630396472376,3.209192991256714,0
779,img_779.jpg,5.841536406670706,0.49420565366744995,2.7671411673175257,3.216050624847412,0
780,img_780.jpg,5.842650506888525,0.48518773913383484,2.778917376195089,3.1453464031219482,0
781,img_781.jpg,5.865730051194326,0.4673236608505249,2.689873520527975,3.1789064407348633,0
782,img_782.jpg,5.902185444031851,0.4578245282173157,2.65490967432131,3.1701343059539795,0
783,img_783.jpg,5.923396948968069,0.4339537024497986,2.6763857046710413,3.179494857788086,0
784,img_784.jpg,5.971693340932028,0.4416799545288086,2.635989014302389,3.2062911987304688,0
785,img_785.jpg,5.968168977891104,0.40694746375083923,2.68235952058901,3.24927020072937,0
786,img_786.jpg,6.027208540831701,0.4069165885448456,2.6329968611346644,3.2054994106292725,0
787,img_787.jpg,6.041709069405691,0.3828921318054199,2.6062377134906214,3.1884756088256836,0
788,img_788.jpg,5.978234831486837,0.3595084547996521,2.708012644444601,3.194744348526001,0
789,img_789.jpg,5.993928168212072,0.3667408227920532,2.742685619984762,3.188631772994995,0
790,img_790.jpg,5.911383036767141,0.3745402693748474,2.87766939798464,3.2330753803253174,0
791,img_791.jpg,5.893517796193258,0.36891138553619385,2.8396435419665735,3.278486967086792,0
792,img_792.jpg,5.819785688315527,0.38534247875213623,2.9098168055163782,3.2893404960632324,0
793,img_793.jpg,5.790694896374838,0.36861222982406616,2.9364190737353724,3.3554675579071045,0
794,img_794.jpg,5.730230037366049,0.3850829303264618,2.9184163252459925,3.3850040435791016,0
795,img_795.jpg,5.643917266522543,0.4094797968864441,2.9434025923358362,3.409968137741089,0
796,img_796.jpg,5.632588926945822,0.45240676403045654,2.861018959675924,3.384887218475342,0
797,img_797.jpg,5.5959453026400965,0.5158861875534058,2.8190675417529505,3.410792350769043,0
798,img_798.jpg,5.6093324462520044,0.5533506870269775,2.7198007742511194,3.3628053665161133,0
799,img_799.jpg,5.570073846970693,0.5818896293640137,2.8159037272082728,3.350395679473877,0
800,img_800.jpg,5.511880640183584,0.7037895917892456,2.880700413380758,3.295403480529785,0
801,img_801.jpg,5.115160290394918,1.2047852277755737,2.2028434912311,4.294822692871094,0
802,img_802.jpg,5.097367350255148,1.2111499309539795,2.098758045827047,4.296836853027344,0
803,img_803.jpg,5.040075604115621,1.3666536808013916,2.0504964033709925,4.654073715209961,0
804,img_804.jpg,4.913521114979879,1.3786909580230713,1.9925206343280237,4.780517101287842,0
805,img_805.jpg,4.882934872304098,1.4129914045333862,1.9489248434649866,4.679839134216309,0
806,img_806.jpg,4.826317016278402,1.5227868556976318,1.9939191977130335,4.583488464355469,0
807,img_807.jpg,4.799054686223165,1.5612210035324097,2.027561966572897,4.604603290557861,0
808,img_808.jpg,4.757131163273947,1.6749845743179321,1.939991299306051,4.578490734100342,0
809,img_809.jpg,4.7163932959186,1.6836068630218506,1.8919299284564417,4.5939531326293945,0
810,img_810.jpg,4.685484472905294,1.669957160949707,1.8098834196673792,4.685624599456787,0
811,img_811.jpg,4.661478106175558,1.6859607696533203,1.768289868031637,4.772084895764486,0
812,img_812.jpg,4.361040059720175,1.8265941143035889,1.6592363119125366,4.876467768345968,1
813,img_813.jpg,4.343658630047933,1.8566784858703613,1.6680926084518433,4.86712366739382,1
814,img_814.jpg,4.343524758015768,1.8850589990615845,1.633695125579834,4.862752143536703,1
815,img_815.jpg,4.31774336496462,1.873587965965271,1.6370347738265991,4.922684494649069,1
816,img_816.jpg,4.300230924283163,1.8640217781066895,1.6425789594650269,4.840397540722982,1
817,img_817.jpg,4.272375170384542,1.899998664855957,1.644715428352356,4.8196792046176355,1
818,img_818.jpg,4.266765658055441,1.9532644748687744,1.6452473402023315,4.763309423123495,1
819,img_819.jpg,4.310065213833944,1.9826915264129639,1.5741775035858154,4.736058775578634,1
820,img_820.jpg,4.290197674428121,1.9674999713897705,1.5863600969314575,4.728156510983602,1
821,img_821.jpg,4.258113447819845,1.995712161064148,1.5846754312515259,4.737456266080038,1
822,img_822.jpg,4.211581055318014,1.9878226518630981,1.678291916847229,4.652766529713766,1
823,img_823.jpg,4.188396517430441,2.0024757385253906,1.7358261346817017,4.5757954756366175,1
824,img_824.jpg,4.173198048268453,1.9935466051101685,1.784882664680481,4.602638904248373,1
825,img_825.jpg,4.143058363591329,2.079633951187134,1.8910014629364014,4.459903303776876,1
826,img_826.jpg,4.1471362749682825,2.070176601409912,1.9636517763137817,4.37870425382723,1
827,img_827.jpg,4.149121586476461,2.0514755249023438,1.9973050355911255,4.348311249409811,1
828,img_828.jpg,4.176688019429342,2.045184373855591,2.021971050892965,4.310810089111328,1
829,img_829.jpg,4.201554600392477,2.033600330352783,2.0148685614215296,4.283878803253174,1
830,img_830.jpg,4.202725950871603,1.9975559711456299,2.018013302479879,4.233428955078125,1
831,img_831.jpg,4.221733395253317,1.9564452171325684,2.055899445210592,4.165056228637695,1
832,img_832.jpg,4.253099981938497,1.9190177917480469,2.094462219868795,4.132966041564941,1
833,img_833.jpg,4.280488316212789,1.929918885231018,2.1181872526751917,4.09536075592041,0
834,img_834.jpg,4.301840726529257,1.93812096118927,2.158527199422018,4.003636837005615,0
835,img_835.jpg,4.318870846425192,1.9308528900146484,2.2076385656939905,4.037418842315674,0
836,img_836.jpg,4.307026211415426,1.9195102453231812,2.2573660055743616,3.892672061920166,0
837,img_837.jpg,4.316447559987203,1.8683134317398071,2.2867210547076624,3.909691095352173,0
838,img_838.jpg,4.332388226185934,1.8847683668136597,2.284414593373434,3.756016254425049,0
839,img_839.jpg,4.35768956342806,1.847617268562317,2.368754212056295,3.653050422668457,0
840,img_840.jpg,4.374255124722616,1.8621388673782349,2.410130564366476,3.6385610103607178,0
841,img_841.jpg,4.382984105740682,1.8512814044952393,2.4603496233569544,3.603188991546631,0
842,img_842.jpg,4.40066641965975,1.820017695426941,2.483779255543844,3.596580743789673,0
843,img_843.jpg,4.361110512410299,1.8210384845733643,2.6209188143359583,3.5637893676757812,0
844,img_844.jpg,4.390439812337057,1.8330345153808594,2.618284527455465,3.4706356525421143,0
845,img_845.jpg,4.408026758824484,1.8168615102767944,2.5920844713794153,3.490011215209961,0
846,img_846.jpg,4.411885205899374,1.7873995304107666,2.6716063658343714,3.460402011871338,0
847,img_847.jpg,4.463616673146383,1.7870498895645142,2.6320317427264612,3.3961710929870605,0
848,img_848.jpg,4.478216115628378,1.8197342157363892,2.6269100348102015,3.3539581298828125,0
849,img_849.jpg,4.507315103207723,1.779817819595337,2.633280340825216,3.4362244606018066,0
850,img_850.jpg,4.472085777913229,1.7472944259643555,2.6426361242877405,3.424131393432617,0
851,img_851.jpg,4.462755743657247,1.7417490482330322,2.6864965597735804,3.409642219543457,0
852,img_852.jpg,4.461086098347799,1.7688461542129517,2.670648161564962,3.3746678829193115,0
853,img_853.jpg,4.466092292462484,1.7455224990844727,2.6722047964679163,3.4433250427246094,0
854,img_854.jpg,4.452688519154684,1.7871646881103516,2.642674509678976,3.3779494762420654,0
855,img_855.jpg,4.438557688389913,1.8009247779846191,2.655654255543844,3.4794516563415527,0
856,img_856.jpg,4.4018922487842005,1.8311688899993896,2.6453426519977015,3.49130916595459,0
857,img_857.jpg,4.3984225432025355,1.8641347885131836,2.6219077746020716,3.5013036727905273,0
858,img_858.jpg,4.328341666852133,1.8861225843429565,2.684469763432638,3.552488327026367,0
859,img_859.jpg,4.294406596814291,1.9368767738342285,2.7092307249652308,3.512845993041992,0
860,img_860.jpg,4.263475958500997,1.9708585739135742,2.6422117392169397,3.5375194549560547,0
861,img_861.jpg,4.22913629213442,2.0132744312286377,2.6080008188830774,3.4966907501220703,0
862,img_862.jpg,4.175011698399679,2.050327777862549,2.6898377577411097,3.519929885864258,0
863,img_863.jpg,4.190087620412008,2.1029434204101562,2.5913599173175257,3.5384902954101562,0
864,img_864.jpg,4.096844736729757,2.1458561420440674,2.6321962515460413,3.5577926635742188,0
865,img_865.jpg,4.070738855992452,2.165914297103882,2.6190159956561487,3.6244053840637207,0
866,img_866.jpg,3.97773248354067,2.2596890926361084,2.6456483046161097,3.532829761505127,1
867,img_867.jpg,3.9032328764544886,2.371262311935425,2.752298895512716,3.459139347076416,1
868,img_868.jpg,3.8289499918567103,2.4061973094940186,2.764712158833639,3.4729793071746826,1
869,img_869.jpg,3.8921812216388147,2.4512689113616943,2.597647015248434,3.5395684242248535,1
870,img_870.jpg,3.8991697470294397,2.537092685699463,2.6112378279315394,3.4027044773101807,1
871,img_871.jpg,3.8760090509997767,2.5289571285247803,2.5949652830706995,3.4844229221343994,1
872,img_872.jpg,3.803197209035055,2.5826947689056396,2.695376698170797,3.4371352195739746,1
873,img_873.jpg,3.8111000696765345,2.629762887954712,2.6280739943133753,3.4627699851989746,1
874,img_874.jpg,3.8133257071124476,2.6461453437805176,2.5758445898639124,3.423349618911743,1
875,img_875.jpg,3.8212056795703333,2.659472942352295,2.559682909642355,3.453840970993042,1
876,img_876.jpg,3.7907984892474573,2.6980671882629395,2.560528341923849,3.4736390113830566,1
877,img_877.jpg,3.76076323190798,2.7100417613983154,2.5873008410083216,3.494060754776001,1
878,img_878.jpg,3.795892063771383,2.691474199295044,2.5230639616595667,3.522993564605713,1
879,img_879.jpg,3.7630630175219935,2.689781427383423,2.5190261046039026,3.5756914615631104,1
880,img_880.jpg,3.7765331904040735,2.672970771789551,2.411334753036499,3.654498815536499,1
881,img_881.jpg,3.821749273930685,2.6777539253234863,2.3103675842285156,3.7372853755950928,1
882,img_882.jpg,3.8046069780932825,2.6603598594665527,2.2583889961242676,3.8289008776294153,1
883,img_883.jpg,3.7887917200671595,2.6171913146972656,2.2961905002593994,4.005221430455343,1
884,img_884.jpg,3.788617197667257,2.605010747909546,2.2615911960601807,4.058464590703146,1
885,img_885.jpg,3.7919908205615442,2.6018712520599365,2.1524906158447266,4.13330322900881,1
886,img_886.jpg,3.7880335489856165,2.597014904022217,2.2016162872314453,4.201975886021749,1
887,img_887.jpg,3.812092129384176,2.671943187713623,2.1510543823242188,4.049879376088278,1
888,img_888.jpg,3.817227903996603,2.615232229232788,2.084016799926758,4.221454207097189,1
889,img_889.jpg,3.8057897726642054,2.591465711593628,2.0645899772644043,4.299794022236959,1
890,img_890.jpg,3.8143749872790735,2.600234270095825,2.0329084396362305,4.369831864033834,1
891,img_891.jpg,3.839659039174215,2.5746970176696777,1.941434383392334,4.395301167164938,1
892,img_892.jpg,3.863096539174215,2.5871663093566895,1.9088231325149536,4.416126076375143,1
893,img_893.jpg,3.8411386648761194,2.5568289756774902,1.8956537246704102,4.499733034764425,1
894,img_894.jpg,3.8418553511248987,2.5611813068389893,1.8545825481414795,4.525354448948995,1
895,img_895.jpg,3.8482776323901575,2.5527806282043457,1.8111097812652588,4.549163643513815,1
896,img_896.jpg,3.849614922200338,2.564053773880005,1.7881734371185303,4.536935631428854,1
897,img_897.jpg,3.838029686604635,2.565070390701294,1.8466323614120483,4.548960391675131,1
898,img_898.jpg,3.842419687901632,2.564276933670044,1.83803129196167,4.56073493162264,1
899,img_899.jpg,3.8285720984088343,2.575627565383911,1.838793396949768,4.551205221806661,1
900,img_900.jpg,3.809500281010763,2.5891494750976562,1.8507652282714844,4.549306456242697,1
901,img_901.jpg,3.8182242552386683,2.57765793800354,1.8427293300628662,4.547809425984518,1
902,img_902.jpg,3.8110464254962366,2.5817291736602783,1.8554632663726807,4.542783800755636,1
903,img_903.jpg,3.836175505314962,2.6090078353881836,1.8075484037399292,4.502580467854635,1
904,img_904.jpg,3.858227793370382,2.5843350887298584,1.7858519554138184,4.473388973866598,1
905,img_905.jpg,3.8781350294696253,2.560703754425049,1.8416489362716675,4.443942133580343,1
906,img_906.jpg,3.8839524427997034,2.569532871246338,1.824512004852295,4.349910084401266,1
907,img_907.jpg,3.862911049519674,2.5844101905822754,1.9316937923431396,4.290924612675802,1
908,img_908.jpg,3.8588510195361536,2.5867574214935303,1.988438367843628,4.270346943532125,1
909,img_909.jpg,3.8594589869128626,2.5344860553741455,2.0856614112854004,4.287051741276876,1
910,img_910.jpg,3.844210688267843,2.5131776332855225,2.2098281383514404,4.180249039326803,1
911,img_911.jpg,3.884293858204977,2.3785574436187744,2.2967822551727295,3.9340105056762695,1
912,img_912.jpg,3.8992612997638147,2.330204963684082,2.362640921269552,3.981661319732666,1
913,img_913.jpg,3.917091194783346,2.2760636806488037,2.3808167616473597,3.951796054840088,1
914,img_914.jpg,3.992504898701803,2.2110538482666016,2.3235800901996058,3.8929615020751953,1
915,img_915.jpg,4.044925038014547,2.1421051025390625,2.3823326269732874,3.939263343811035,1
916,img_916.jpg,4.135970656071798,2.107691764831543,2.411907974873678,3.863287925720215,1
917,img_917.jpg,4.153404299412863,2.030963897705078,2.5191999117480677,3.7727370262145996,0
918,img_918.jpg,4.189613167439596,1.9522255659103394,2.631819550191061,3.8066210746765137,0
919,img_919.jpg,4.336448971425192,1.8945209980010986,2.554758612309591,3.708630084991455,0
920,img_920.jpg,4.492599670086996,1.838990569114685,2.495612684880392,3.5437610149383545,0
921,img_921.jpg,4.617694441472189,1.6609584093093872,2.536797587071554,3.634510040283203,0
922,img_922.jpg,4.732308928166525,1.4947617053985596,2.488427702580587,3.5724258422851562,0
923,img_923.jpg,4.870760981236593,1.2632054090499878,2.637085024510519,3.593522071838379,0
924,img_924.jpg,4.958018485699789,1.164316177368164,2.6316381136523646,3.62027907371521,0
925,img_925.jpg,5.078414980565206,1.0464462041854858,2.602570358906881,3.624065399169922,0
926,img_926.jpg,5.167545143757955,0.9970759153366089,2.6499226729022425,3.5211269855499268,0
927,img_927.jpg,5.250218335782186,0.9469033479690552,2.698925558720724,3.4748196601867676,0
928,img_928.jpg,5.255424682294027,0.8452591896057129,2.8143189589129847,3.4871163368225098,0
929,img_929.jpg,5.300158206616537,0.806477963924408,2.8267884890185755,3.424027919769287,0
930,img_930.jpg,5.39054257074465,0.7427753210067749,2.7827985922442835,3.359968423843384,0
931,img_931.jpg,5.458683375512258,0.6408326625823975,2.81220513979067,3.4545960426330566,0
932,img_932.jpg,5.4937366286860865,0.6207186579704285,2.8276451269732874,3.341388702392578,0
933,img_933.jpg,5.522028330956594,0.5228838324546814,2.844339672719137,3.4388980865478516,0
934,img_934.jpg,5.519096140061514,0.48402100801467896,2.86046010652651,3.430227756500244,0
935,img_935.jpg,5.526550237332479,0.46595391631126404,2.9298399130450647,3.4257278442382812,0
936,img_936.jpg,5.545681540166036,0.4654078483581543,2.9665637652026575,3.3286523818969727,0
937,img_937.jpg,5.553033415471212,0.44911932945251465,2.9585984388934534,3.3198065757751465,0
938,img_938.jpg,5.587776903306143,0.4216097891330719,2.9826176802264612,3.2573890686035156,0
939,img_939.jpg,5.622555915509359,0.40859687328338623,2.993690792714254,3.2745518684387207,0
940,img_940.jpg,5.651640657578604,0.4103855788707733,3.0423620382892054,3.2601799964904785,0
941,img_941.jpg,5.711205724869863,0.399061381816864,2.997462574635641,3.2537717819213867,0
942,img_942.jpg,5.728646222745077,0.4069966971874237,3.065235201512472,3.246797800064087,0
943,img_943.jpg,5.77976239124407,0.4025091528892517,2.9957333246814173,3.2494778633117676,0
944,img_944.jpg,5.812106792126791,0.3940674662590027,3.0060539881335657,3.253711223602295,0
945,img_945.jpg,5.82231787243952,0.4021110534667969,3.0152042547809046,3.2452781200408936,0
946,img_946.jpg,5.837511573229925,0.38981372117996216,3.005791250859396,3.232316017150879,0
947,img_947.jpg,5.843850765620367,0.3881043791770935,3.0209644476519983,3.2566208839416504,0
948,img_948.jpg,5.846141074095861,0.37622493505477905,3.028409783040182,3.2734436988830566,0
949,img_949.jpg,5.844648901616232,0.37535473704338074,3.031001869832174,3.296334981918335,0
950,img_950.jpg,5.8524179498301905,0.3813163638114929,3.0074318091021937,3.259401798248291,0
951,img_951.jpg,5.85844457546343,0.4162289798259735,3.000923458729879,3.2202353477478027,0
952,img_952.jpg,5.84609437385668,0.44940119981765747,3.019282642995016,3.134737968444824,0
953,img_953.jpg,5.830348376427786,0.4557957649230957,3.0671561400042933,3.1259288787841797,0
954,img_954.jpg,5.81831589738001,0.5574838519096375,3.14344031015505,2.697683334350586,0
955,img_955.jpg,5.819404009972708,0.5394972562789917,3.1871076265918177,2.622232437133789,0
956,img_956.jpg,5.835114214812414,0.5486703515052795,3.2265103499041956,2.415916919708252,0
957,img_957.jpg,5.777280871068136,0.4165040850639343,3.4343541304217737,3.3269362449645996,0
958,img_958.jpg,5.787609938775198,0.4158170521259308,3.457459036503927,3.3026785850524902,0
